recency,frequency,monetary,customersegment
75,4,1797.24,2
19,1,1757.55,1
310,1,334.4,0
36,11,3466.67,2
204,1,89.0,0
232,1,1079.4,0
214,1,459.4,0
23,3,2811.43,2
2,2,1168.06,1
52,3,2662.06,2
287,1,189.9,0
110,2,552.0,1
8,4,1313.1,1
291,3,962.0699999999999,0
4,1,168.9,1
51,4,3541.94,2
45,2,1887.96,1
72,3,1298.04,1
311,1,364.6,0
25,1,742.9300000000001,1
3,3,459.58000000000004,1
315,2,1628.12,0
82,3,854.19,1
22,5,2729.06,2
5,6,1886.66,2
185,6,1861.81,2
29,3,604.38,1
16,6,2780.66,2
80,1,549.84,1
22,1,439.66,1
72,4,1582.6000000000001,2
64,2,1272.48,1
36,2,2409.9,2
46,1,1635.6599999999999,1
119,4,1108.65,1
303,1,84.3,0
323,1,225.6,0
50,2,445.7,1
149,1,1710.39,0
22,3,3549.85,2
50,5,1708.1200000000001,2
33,9,2934.5299999999997,2
301,3,705.5799999999999,0
75,3,1226.88,1
67,5,822.0500000000001,1
217,3,562.41,0
113,1,668.58,1
64,1,600.39,1
16,5,807.8100000000001,1
96,3,803.5600000000001,1
1,9,1869.51,2
163,2,1760.96,0
78,1,777.2,1
195,1,582.73,0
12,5,943.23,1
9,4,3750.4,2
43,1,256.4,1
85,4,847.09,1
100,1,509.01,1
14,2,2906.85,2
3,1,172.06,1
22,1,133.4,1
58,1,1002.3100000000001,1
243,1,476.49,0
44,1,449.45,1
156,2,197.88,0
17,3,432.57,1
134,1,707.09,1
73,6,2466.86,2
44,4,3208.19,2
71,2,947.4,1
94,2,826.88,1
2,4,1255.17,1
46,7,1385.93,2
10,8,1212.05,2
8,3,750.49,1
143,3,735.0400000000001,1
54,1,723.38,1
4,1,680.99,1
4,3,577.1,1
28,4,3281.63,2
10,3,1298.66,1
39,1,460.40000000000003,1
63,2,263.21000000000004,1
166,3,450.69,0
82,1,1043.1,1
21,3,403.70000000000005,1
315,2,2249.1,0
96,5,3723.87,2
18,4,850.0999999999999,1
301,1,4.5,0
233,1,73.5,0
134,4,1351.56,1
26,2,397.88,1
284,1,176.5,0
143,2,982.5699999999999,0
66,2,132.18,1
85,2,637.79,1
267,1,1017.68,0
78,2,1312.06,1
28,6,2519.55,2
1,5,2056.89,2
64,1,330.84,1
79,6,2686.01,2
143,1,599.68,0
39,2,192.72,1
1,3,1316.66,1
82,3,348.71000000000004,1
9,8,1944.68,2
60,5,1700.93,2
15,1,125.22,1
30,1,349.83000000000004,1
131,1,1089.18,1
92,2,716.35,1
29,1,363.95,1
30,3,981.18,1
30,2,389.7,1
75,2,1000.39,1
47,3,1181.5,1
198,2,207.79999999999998,0
166,1,95.19999999999999,0
79,1,964.83,1
39,2,437.82,1
50,2,599.56,1
2,2,539.92,1
311,3,587.21,0
5,4,2166.63,2
303,1,238.85,0
261,1,456.9,0
282,2,160.67,0
73,2,356.6,1
40,2,519.61,1
9,3,1036.1200000000001,1
227,1,160.54000000000002,0
316,1,218.45,0
36,6,1324.68,2
35,4,689.0,1
21,4,2835.66,2
73,3,470.12,1
247,1,415.7,0
40,1,197.71,1
239,2,511.36,0
234,4,2097.39,0
17,2,213.94000000000003,1
8,1,144.0,1
39,1,214.89999999999998,1
29,2,646.68,1
317,1,452.84999999999997,0
92,2,437.6,1
109,3,418.09999999999997,1
38,11,3356.2200000000003,2
51,2,618.27,1
10,9,3043.48,2
29,7,1032.58,2
29,11,2617.04,2
190,6,584.5600000000001,0
59,1,153.12,1
22,1,739.1999999999999,1
79,2,254.18,1
58,2,3159.02,2
78,3,1126.85,1
23,7,2141.09,2
52,1,1193.32,1
58,2,764.49,1
31,6,3469.78,2
278,1,315.6,0
2,4,2291.19,2
85,5,769.35,1
29,1,352.98,1
22,1,177.31,1
15,3,1339.41,1
232,1,180.1,0
276,1,305.1,0
106,2,641.13,1
212,3,2753.32,2
4,4,803.3100000000001,1
10,2,1270.88,1
57,1,640.5,1
59,5,2187.33,2
90,2,1689.18,1
33,1,671.69,1
239,1,486.1,0
24,3,1174.58,1
115,1,185.9,1
25,3,1013.26,1
128,6,3344.64,2
130,1,477.91,1
34,5,1794.98,2
5,2,1346.97,1
155,1,318.05,0
107,4,643.31,1
3,1,314.44,1
322,2,925.4300000000001,0
149,2,2209.85,2
11,5,601.98,1
11,5,2134.3,2
19,1,686.05,1
30,1,91.68,1
11,1,245.1,1
325,2,64.25,0
58,1,620.13,1
10,6,3005.95,2
330,1,225.89999999999998,0
5,2,610.52,1
12,7,2018.94,2
25,6,1331.39,2
52,9,1167.3700000000001,2
1,4,862.81,1
8,7,2283.63,2
28,6,2863.08,2
26,2,1247.61,1
206,1,389.01,0
28,6,1035.8,2
121,6,880.86,2
70,2,869.67,1
7,4,582.1,1
21,5,976.16,1
80,2,797.71,1
20,1,219.0,1
64,2,292.4,1
7,10,2460.84,2
292,1,603.42,0
97,4,1167.47,1
1,1,848.55,1
106,1,343.36,1
4,2,1053.49,1
151,3,1080.98,0
71,1,238.25,1
5,3,681.8000000000001,1
32,7,2683.28,2
85,6,1090.93,2
4,5,725.07,1
5,4,1031.41,1
28,7,2609.1,2
71,4,836.33,1
114,1,453.01,1
180,1,236.26000000000002,0
234,1,383.95,0
315,2,779.5699999999999,0
78,2,1013.04,1
64,1,427.6,1
134,2,540.13,1
129,1,275.88,1
236,5,3072.3599999999997,2
87,1,112.07999999999998,1
117,2,2791.59,2
52,3,1531.44,1
8,2,1898.52,1
138,2,494.08,1
317,1,1693.88,0
239,1,1143.6,0
211,1,1351.45,0
60,1,892.47,1
17,6,1420.84,2
20,7,840.23,2
21,5,945.76,1
5,6,2388.52,2
2,8,2847.95,2
9,2,532.8199999999999,1
3,2,318.19,1
10,3,463.66,1
65,1,91.85,1
192,1,324.92,0
257,1,400.53999999999996,0
53,2,860.41,1
19,1,430.48,1
184,2,442.58,0
37,3,483.65000000000003,1
168,2,494.26,0
261,3,514.85,0
45,1,229.64000000000001,1
102,1,125.92,1
148,2,1063.46,0
96,2,572.2,1
281,1,166.04,0
178,2,1566.28,0
3,4,942.34,1
214,1,92.72,0
71,3,978.7800000000001,1
75,5,1759.5,2
60,1,397.12,1
3,8,1481.32,2
6,3,430.15000000000003,1
3,6,1018.71,2
322,3,332.95,0
262,1,215.05,0
32,2,383.03,1
145,1,417.38,0
283,1,312.38,0
59,4,2610.36,2
173,1,134.1,0
34,2,671.95,1
144,6,2739.27,2
70,2,1118.99,1
66,9,1723.76,2
29,2,325.96000000000004,1
267,4,354.09,0
22,1,843.64,1
31,2,1010.29,1
97,1,131.81,1
290,2,323.35,0
108,9,2032.5,2
79,5,1351.6,2
8,8,2188.03,2
211,2,1106.4,0
52,2,538.2,1
138,1,147.12,0
26,3,1588.39,1
283,1,559.12,0
186,6,1607.0600000000002,2
84,2,380.64,1
327,2,599.97,0
282,1,374.0,0
143,2,343.2300000000001,0
58,2,2218.02,2
18,3,868.34,1
45,4,593.87,1
276,1,298.0,0
9,2,1463.04,1
25,4,703.47,1
88,1,309.05,1
63,4,1192.17,1
68,3,1405.71,1
214,4,394.47,0
24,1,376.71999999999997,1
186,3,331.0,0
31,1,176.55,1
42,3,398.3,1
205,2,216.5,0
265,1,138.68,0
18,2,496.06,1
12,5,2919.81,2
59,4,1254.0,1
40,8,2228.51,2
23,8,3075.04,2
3,5,1662.3,2
5,5,2483.63,2
149,2,363.65,0
139,5,2968.75,2
128,1,594.0,1
8,8,1368.94,2
17,1,162.78,1
161,1,405.38,0
64,1,172.82,1
88,5,937.45,1
5,2,694.05,1
35,5,2062.7000000000003,2
122,2,130.6,1
78,4,421.7,1
24,4,608.78,1
2,8,2164.95,2
17,5,1114.9,2
15,4,1504.27,2
26,1,114.14,1
46,4,936.94,1
131,3,675.6,1
301,1,3.75,0
36,2,604.51,1
288,1,462.95,0
144,11,1800.69,2
16,8,2076.2,2
2,3,1843.0,2
9,8,1086.07,2
6,5,1392.74,2
10,1,329.85,1
306,1,108.07,0
7,2,266.39,1
8,9,1872.23,2
89,1,769.8100000000001,1
10,1,160.18,1
3,4,2127.05,2
112,1,135.95,1
7,4,405.47,1
198,1,144.8,0
212,1,738.6,0
156,1,39.239999999999995,0
30,2,372.21999999999997,1
240,2,403.88,0
19,1,97.5,1
1,3,1263.14,1
74,3,572.4,1
292,1,505.82,0
31,3,409.5,1
23,2,503.76,1
23,4,414.76,1
4,5,1046.6200000000001,1
78,2,221.92,1
22,7,1255.84,2
196,3,455.88,0
107,3,534.85,1
318,1,120.94999999999999,0
106,3,149.05,1
174,3,558.45,0
56,1,81.57,1
323,2,280.46999999999997,0
9,11,1997.06,2
53,5,3339.64,2
73,3,789.89,1
7,1,204.0,1
64,2,689.9,1
1,8,1014.5699999999999,2
23,3,662.96,1
31,3,1247.5,1
11,2,752.4399999999999,1
39,3,1023.84,1
55,2,642.77,1
58,3,957.13,1
138,3,881.07,1
80,3,908.46,1
9,2,676.99,1
254,2,561.27,0
291,1,560.47,0
99,1,305.28000000000003,1
31,2,629.31,1
14,5,1849.41,2
64,2,656.6800000000001,1
212,1,348.15000000000003,0
64,4,1226.86,1
25,3,271.40000000000003,1
250,1,183.4,0
254,1,307.53,0
72,1,248.61,1
191,1,346.98,0
13,4,1105.59,1
24,3,510.7,1
82,1,115.46000000000001,1
10,2,344.0,1
192,1,228.8,0
267,1,177.15,0
130,1,919.61,1
1,4,728.02,1
4,5,220.10000000000002,1
179,1,58.08,0
126,10,3631.7799999999997,2
4,2,303.75,1
158,3,559.78,0
21,2,371.82,1
71,6,495.83,1
71,1,74.39999999999999,1
99,1,207.35999999999999,1
234,1,101.19,0
40,1,243.94,1
3,6,1098.48,2
129,2,93.5,1
44,5,1539.17,2
3,5,806.24,1
31,8,1524.47,2
117,2,517.09,1
22,8,984.91,2
20,7,1270.6200000000001,2
239,1,30.599999999999998,0
269,2,312.73,0
94,2,922.39,1
90,3,3756.33,2
5,10,2142.99,2
78,1,259.17,1
94,1,64.0,1
23,4,1107.3,1
262,1,77.3,0
274,2,109.8,0
73,7,1846.53,2
197,1,3096.0,2
50,11,2669.84,2
11,9,3648.62,2
22,6,962.39,2
108,3,422.47,1
85,6,2391.7,2
19,1,307.09,1
40,5,622.27,1
26,1,228.91,1
10,4,712.8000000000001,1
14,4,1676.06,2
203,2,1265.3700000000001,0
6,1,486.22,1
144,1,611.86,0
33,4,971.76,1
49,5,1760.87,2
95,4,1201.06,1
9,5,1487.45,2
22,1,91.8,1
313,1,112.75,0
122,5,1731.59,2
46,2,1021.48,1
282,2,419.7,0
19,4,791.33,1
36,5,1308.64,2
64,2,712.88,1
27,1,108.81,1
8,5,510.01,1
4,2,353.65,1
16,3,2742.82,2
46,1,481.49,1
65,1,282.45,1
45,1,121.18,1
268,1,71.4,0
40,5,1612.0900000000001,2
11,1,114.60000000000001,1
19,2,260.68,1
95,2,911.94,1
61,1,112.08,1
136,1,60.7,0
11,4,1797.78,2
10,8,3418.39,2
19,4,870.09,1
10,4,869.46,1
15,2,250.26000000000002,1
59,7,1235.65,2
94,1,353.48,1
10,3,1095.42,1
9,4,794.33,1
57,6,1522.73,2
268,1,333.74,0
122,5,934.34,1
127,1,62.63999999999999,1
78,4,819.2900000000001,1
240,2,847.41,0
200,2,163.20000000000002,0
60,3,2161.05,2
273,1,108.21000000000001,0
202,1,257.7,0
81,1,358.0,1
226,1,160.95,0
13,7,1328.35,2
74,2,605.12,1
212,2,1960.97,0
25,3,762.4300000000001,1
11,5,720.63,1
262,1,329.56,0
96,4,663.65,1
112,3,270.40000000000003,1
203,1,585.12,0
93,1,121.74000000000001,1
51,1,430.5,1
18,7,2026.72,2
18,4,501.12,1
125,2,465.68,1
92,3,711.41,1
157,2,1030.4,0
4,3,408.36,1
12,3,672.83,1
62,1,283.18,1
61,1,557.62,1
269,2,944.1,0
263,1,200.29,0
53,5,2092.66,2
37,2,250.60999999999999,1
31,2,276.56,1
113,1,138.98,1
64,2,590.9300000000001,1
16,4,258.4,1
41,1,542.73,1
64,2,149.20000000000002,1
122,3,798.46,1
18,6,1216.44,2
60,2,93.66,1
323,2,206.23,0
23,4,2709.12,2
156,1,361.11,0
39,2,578.9399999999999,1
190,2,873.74,0
137,1,87.4,0
8,4,2089.85,2
1,1,360.0,1
268,1,142.5,0
165,2,378.49,0
104,4,618.09,1
155,1,63.75,0
4,10,2000.86,2
120,1,15.0,1
23,4,1403.41,1
7,5,1456.79,2
9,6,1180.43,2
4,2,598.57,1
22,5,1555.32,2
2,4,958.37,1
64,9,2407.29,2
1,3,640.76,1
70,6,1589.2,2
72,2,567.36,1
17,1,199.48000000000002,1
3,5,787.85,1
82,1,675.3,1
39,9,3637.9700000000003,2
316,1,1308.48,0
32,4,837.5999999999999,1
93,3,1140.93,1
14,1,350.9,1
82,3,3502.32,2
77,1,795.12,1
154,3,542.22,0
201,1,860.12,0
261,1,775.85,0
173,2,402.93,0
68,3,2511.69,2
277,2,401.40000000000003,0
70,1,341.36,1
64,1,233.76,1
11,1,247.32,1
16,3,1047.52,1
66,1,373.94,1
8,2,406.67999999999995,1
71,1,743.53,1
122,1,674.7,1
80,1,768.24,1
257,1,609.4,0
269,1,439.03,0
59,2,447.86,1
3,5,3095.9900000000002,2
18,2,992.5,1
67,2,269.91999999999996,1
9,3,2259.52,2
50,1,56.160000000000004,1
257,2,623.4,0
90,1,378.64,1
61,3,3312.25,2
81,2,784.4,1
99,3,1019.76,1
26,3,572.56,1
21,7,3651.81,2
281,1,222.99,0
330,1,534.57,0
121,3,727.05,1
11,3,797.96,1
75,1,544.08,1
204,1,59.8,0
2,10,2727.2400000000002,2
185,1,307.72,0
22,4,1396.69,1
73,6,1549.08,2
192,1,457.34,0
127,2,621.23,1
18,1,75.0,1
1,2,252.49,1
74,3,572.451,1
9,7,1017.21,2
107,1,213.55,1
134,3,1390.5,1
44,2,712.5,1
5,2,640.83,1
64,1,221.06,1
135,4,179.35,1
40,3,1835.81,2
51,2,2651.05,2
108,3,1624.21,1
19,3,582.6,1
10,1,201.78,1
11,4,1006.8,1
19,4,710.21,1
67,2,1269.1,1
74,2,534.24,1
2,1,196.89,1
14,7,3408.06,2
255,1,283.71,0
92,1,296.64,1
23,4,1154.05,1
17,10,3608.3900000000003,2
24,1,291.88,1
27,6,2043.7199999999998,2
26,6,2957.96,2
259,2,590.0,0
166,2,356.97999999999996,0
25,4,1109.33,1
18,7,1795.6200000000001,2
29,2,183.44,1
39,3,1445.0,1
183,2,159.75,0
58,1,674.68,1
100,2,317.85,1
11,2,1071.91,1
99,2,165.0,1
1,4,2501.84,2
61,3,427.74,1
236,1,226.84,0
191,4,1431.78,0
179,4,1384.17,0
38,8,1467.6299999999999,2
198,3,310.9,0
46,8,1832.31,2
232,1,184.64,0
66,1,140.34,1
241,1,313.8,0
233,1,454.24,0
78,3,1122.41,1
58,3,575.4,1
105,4,449.52,1
52,10,1215.82,2
136,3,1269.84,1
275,2,618.63,0
312,1,316.26000000000005,0
8,6,2099.62,2
11,3,688.73,1
283,3,375.05,0
18,7,1171.26,2
23,4,1196.77,1
243,2,1370.17,0
17,3,292.0,1
71,1,216.85,1
64,1,295.93,1
312,3,464.21999999999997,0
3,4,2479.16,2
244,1,110.97,0
9,7,979.72,2
1,5,1797.96,2
261,1,251.21,0
127,1,205.1,1
74,1,152.20000000000002,1
73,4,891.12,1
21,3,1389.41,1
60,5,2147.77,2
86,1,627.16,1
50,2,134.7,1
59,8,3760.95,2
1,3,1071.73,1
30,1,125.80000000000001,1
41,5,680.1800000000001,1
15,2,628.78,1
34,8,2266.11,2
79,2,307.76,1
205,2,483.8,0
34,1,210.31,1
183,3,269.09,0
1,7,3444.39,2
43,7,1280.85,2
86,4,656.84,1
40,2,276.06,1
12,3,621.09,1
96,2,678.16,1
26,8,920.28,2
319,1,91.80000000000001,0
28,2,584.06,1
6,4,594.52,1
7,1,171.42000000000002,1
216,1,141.85999999999999,0
82,3,1799.33,2
84,2,777.53,1
144,5,2825.95,2
19,2,240.22,1
41,2,856.84,1
173,1,187.05,0
17,2,338.62,1
243,1,239.49,0
206,1,1384.25,0
50,2,290.25,1
23,5,732.0699999999999,1
25,5,1716.9,2
15,2,467.04,1
309,1,118.0,0
156,1,781.03,0
307,1,142.4,0
32,3,1077.8,1
15,2,379.65,1
11,7,1987.72,2
65,3,1117.13,1
36,4,247.95999999999998,1
108,6,2058.68,2
53,1,396.97,1
6,2,664.11,1
47,2,172.79,1
312,1,219.52,0
45,2,693.32,1
65,1,428.89,1
26,1,164.34,1
29,3,276.75,1
40,1,675.51,1
12,9,1098.78,2
89,4,1168.0,1
24,4,1585.46,2
313,2,435.39,0
40,3,544.18,1
174,1,177.34,0
117,1,213.85,1
31,7,803.0799999999999,2
253,1,257.23,0
59,7,1652.92,2
5,11,2067.88,2
25,6,2123.18,2
33,5,1547.3600000000001,2
68,1,1071.03,1
37,6,956.62,2
52,3,804.3,1
16,1,122.64,1
74,1,1033.34,1
216,1,312.28,0
31,3,519.44,1
9,5,2651.0,2
120,1,252.1,1
10,5,1656.02,2
257,2,346.6,0
17,7,1863.34,2
35,2,94.2,1
46,3,1095.08,1
43,6,2707.33,2
114,2,932.97,1
165,2,379.65,0
11,2,382.14,1
10,7,2856.87,2
197,3,1585.35,0
86,7,899.94,2
179,1,189.47,0
60,3,84.65,1
149,1,299.05,0
51,2,218.55,1
75,1,349.7,1
301,6,444.24,0
19,2,387.44,1
151,2,486.82000000000005,0
152,1,232.6,0
18,4,827.83,1
187,1,59.5,0
286,2,68.13,0
3,7,3119.44,2
183,1,72.0,0
63,1,910.0,1
59,1,172.25,1
25,5,1509.77,2
325,2,32.0,0
39,1,151.29999999999998,1
155,1,308.58000000000004,0
26,10,2248.63,2
318,1,99.5,0
5,10,2320.81,2
8,3,711.86,1
303,1,330.79,0
267,2,806.41,0
271,1,285.33,0
32,1,180.48,1
219,2,252.06,0
247,1,228.84,0
281,8,1102.79,0
269,1,138.28,0
32,7,1457.76,2
246,2,306.55,0
15,5,1041.68,1
117,4,799.9,1
36,1,524.14,1
120,4,2381.66,2
217,1,199.85000000000002,0
50,11,2151.31,2
39,2,1079.6599999999999,1
29,2,333.48,1
37,6,1016.14,2
136,2,752.6,1
219,2,610.59,0
28,1,491.86,1
25,8,3002.6,2
5,3,737.7,1
200,1,339.59999999999997,0
18,1,216.9,1
241,1,350.75,0
72,4,670.53,1
3,8,1343.05,2
95,2,1080.52,1
151,2,308.54,0
96,5,948.25,1
54,5,1647.26,2
288,1,296.25,0
124,6,1175.38,2
288,1,741.26,0
152,2,282.59999999999997,0
4,10,2114.73,2
12,7,3190.55,2
33,2,659.4100000000001,1
54,2,286.79,1
50,2,1070.65,1
204,2,613.4399999999999,0
63,3,1740.46,1
71,3,1519.42,1
64,5,2637.2,2
34,3,1122.63,1
82,1,345.0,1
103,1,178.7,1
7,2,360.01,1
251,1,127.84,0
13,6,908.86,2
10,11,2462.79,2
76,2,309.04,1
4,1,348.8,1
43,3,1984.32,2
66,2,195.55,1
117,2,688.86,1
310,1,558.32,0
67,1,324.8,1
255,1,277.07,0
31,7,2588.39,2
52,2,924.6,1
64,1,256.38,1
6,5,1747.66,2
305,1,155.05,0
29,4,2098.51,2
184,4,1037.25,0
42,3,539.0,1
40,5,1380.31,2
56,3,1596.12,1
24,4,588.3000000000001,1
29,2,382.98,1
302,3,1140.35,0
145,2,385.64,0
6,2,632.0,1
19,2,957.66,1
33,5,1698.94,2
158,2,204.35,0
58,3,409.8,1
22,1,209.49,1
16,6,2198.45,2
18,2,63.449999999999996,1
159,1,383.85,0
25,4,834.57,1
212,2,266.59000000000003,0
6,4,674.82,1
253,1,85.0,0
59,9,3385.62,2
11,1,361.62,1
65,1,312.98,1
25,4,882.51,1
92,3,1255.0,1
52,2,1537.95,1
88,2,1604.15,1
96,3,2651.46,2
9,2,1123.34,1
169,5,413.6,0
57,1,216.17,1
326,1,201.16,0
1,6,1251.8,2
18,10,2231.41,2
245,2,312.0,0
58,4,501.56,1
74,1,145.67000000000002,1
31,3,1005.09,1
7,2,3192.54,2
123,4,3083.65,2
2,10,2790.63,2
120,4,397.5,1
54,5,1786.79,2
64,1,122.7,1
86,1,117.24,1
55,1,1271.57,1
3,6,1250.98,2
1,9,2810.21,2
7,6,793.9,2
189,2,506.8,0
71,1,243.56,1
204,1,349.55,0
120,2,595.67,1
93,1,416.90000000000003,1
27,4,632.97,1
298,1,821.1,0
22,5,593.27,1
21,5,2598.02,2
50,1,311.16,1
326,1,155.93,0
16,2,388.52,1
183,3,740.95,0
72,5,2867.2,2
37,2,332.64,1
80,5,2392.05,2
57,9,2580.91,2
4,3,638.95,1
50,2,272.04,1
50,2,1212.8400000000001,1
53,3,419.46,1
54,1,351.13,1
2,11,1995.6200000000001,2
36,6,739.85,1
23,1,223.85000000000002,1
75,1,348.99,1
11,4,464.57,1
169,3,882.45,0
58,2,337.34,1
86,3,1244.13,1
295,1,307.4,0
109,2,608.7900000000001,1
264,1,922.1,0
171,2,391.88,0
169,1,158.85,0
35,1,71.66,1
23,4,580.35,1
17,4,839.14,1
79,3,561.5699999999999,1
65,1,90.6,1
3,6,2427.32,2
11,5,761.56,1
176,3,674.45,0
211,3,3256.051,2
7,7,3515.68,2
2,3,501.25,1
154,2,322.96,0
5,5,1019.27,1
79,3,594.04,1
21,2,230.22,1
22,2,169.55,1
308,4,664.54,0
146,1,80.7,0
9,11,2814.3,2
71,2,190.25,1
287,1,264.7,0
49,1,413.59000000000003,1
31,7,2484.29,2
207,1,357.98,0
15,2,196.79000000000002,1
73,1,869.87,1
60,1,200.14,1
39,5,1882.51,2
27,6,1352.99,2
17,1,320.46,1
66,2,1266.08,1
213,1,311.3,0
12,7,858.22,2
30,1,76.8,1
4,6,2274.14,2
15,6,1403.89,2
206,2,637.61,0
46,4,2055.83,2
134,2,529.73,1
10,5,2874.72,2
116,3,962.19,1
198,3,705.29,0
278,1,328.8,0
110,3,473.02,1
77,1,505.18,1
53,1,917.34,1
47,4,1444.26,2
17,2,642.8,1
155,3,631.9,0
225,1,440.0,0
7,2,584.07,1
122,2,327.7,1
61,1,104.82,1
63,2,467.66,1
18,8,2358.84,2
22,4,788.6899999999999,1
29,5,1428.02,2
285,1,626.65,0
176,2,147.20000000000002,0
78,4,1566.28,2
33,1,152.2,1
266,1,141.41,0
27,4,646.42,1
109,4,1659.75,2
284,1,154.99,0
9,7,1327.21,2
277,2,444.73,0
32,2,746.36,1
20,1,225.36,1
124,2,260.25,1
65,1,92.46,1
106,1,725.6400000000001,1
267,1,183.6,0
29,7,1499.76,2
267,1,152.55,0
64,2,374.7,1
320,1,265.85,0
4,9,1568.98,2
21,2,162.54,1
5,3,942.26,1
129,1,118.67,1
41,5,499.41999999999996,1
102,6,1049.37,2
125,1,375.1,1
33,1,45.599999999999994,1
267,4,951.47,0
4,9,1002.9,2
3,2,204.22,1
57,1,158.75,1
325,1,76.32000000000001,0
12,1,433.86,1
37,1,147.35,1
138,1,191.95000000000002,0
5,8,1151.43,2
155,2,216.20999999999998,0
85,2,1272.13,1
52,8,2717.98,2
31,3,601.66,1
23,2,208.2,1
14,5,697.1,1
4,8,2302.92,2
274,2,386.53,0
20,5,1382.74,2
144,1,90.0,0
4,6,2820.0,2
84,1,419.58000000000004,1
11,3,2720.63,2
8,4,768.6300000000001,1
123,3,709.71,1
61,2,637.5,1
2,5,1123.8600000000001,2
319,1,480.91,0
130,5,620.9399999999999,1
2,2,965.8800000000001,1
46,1,415.82,1
4,3,950.05,1
3,6,951.23,2
134,1,115.8,0
49,3,498.4,1
234,1,157.2,0
213,3,633.81,0
36,2,658.64,1
75,3,631.49,1
239,2,1345.62,0
266,1,118.75,0
20,3,457.34000000000003,1
40,1,507.66,1
216,3,1097.6200000000001,0
174,2,289.36,0
87,4,2445.91,2
71,2,1631.77,1
276,1,120.44,0
39,4,562.59,1
98,1,363.79,1
11,4,450.84,1
33,1,134.46,1
51,7,3336.54,2
297,5,579.8000000000001,0
85,5,554.41,1
9,7,1600.26,2
41,2,701.57,1
67,1,452.89,1
331,1,197.65,0
9,10,2089.81,2
68,2,853.39,1
202,3,1061.3,0
107,1,335.52,1
4,7,739.3,2
218,1,185.39999999999998,0
60,9,806.84,2
2,1,150.61,1
11,4,714.62,1
239,2,348.06,0
95,1,151.74,1
11,7,2079.73,2
91,7,1910.7900000000002,2
90,1,1070.48,1
31,7,1008.53,2
12,7,1801.52,2
3,4,1839.3,2
43,1,169.48000000000002,1
4,1,89.94,1
247,2,632.4,0
42,10,3437.75,2
177,1,683.17,0
92,4,1007.03,1
110,4,1009.73,1
29,7,2245.34,2
52,5,1643.8,2
179,5,1029.3600000000001,0
32,8,2052.21,2
44,5,1477.93,2
22,4,754.12,1
10,6,3195.86,2
81,2,490.86,1
326,1,146.85,0
30,2,890.34,1
184,1,213.70000000000002,0
235,2,280.55,0
176,5,1709.42,2
111,3,1474.06,1
278,1,136.76999999999998,0
318,1,302.58,0
7,3,1904.05,2
2,5,2879.7000000000003,2
254,3,1003.0600000000001,0
51,6,3112.17,2
142,1,120.0,0
51,2,1163.45,1
8,8,2618.23,2
155,3,348.47,0
109,2,530.18,1
151,7,1753.39,2
332,1,492.65000000000003,0
226,1,112.32,0
74,2,437.96,1
51,4,559.97,1
88,5,1220.09,2
197,1,134.04,0
31,3,612.05,1
21,4,1910.01,2
8,4,202.03,1
212,2,439.35,0
9,6,911.26,2
11,6,2321.85,2
3,4,1046.56,1
40,2,177.70000000000002,1
18,6,1326.6,2
19,1,43.2,1
108,2,648.24,1
223,2,569.8000000000001,0
71,5,1914.16,2
51,3,2103.22,2
89,6,2995.72,2
8,10,2385.38,2
225,2,390.81,0
47,6,1611.59,2
107,1,120.0,1
21,7,2505.28,2
65,1,508.58000000000004,1
207,3,612.47,0
11,5,1530.75,2
115,4,635.86,1
235,2,200.85,0
163,1,311.65,0
124,2,462.65999999999997,1
23,3,840.21,1
64,2,478.95,1
17,9,2564.96,2
16,2,454.86,1
17,4,1614.91,2
158,4,622.22,0
235,4,329.13,0
219,1,134.7,0
45,9,2182.88,2
21,6,729.41,1
127,8,889.9300000000001,2
39,1,108.97999999999999,1
121,2,1021.58,1
260,1,409.57,0
10,1,133.5,1
271,2,307.15999999999997,0
165,1,51.0,0
157,4,1078.96,0
215,1,90.6,0
6,2,163.62,1
60,4,735.52,1
43,1,225.12,1
19,6,941.78,2
32,4,2118.03,2
22,1,151.5,1
109,8,3717.35,2
320,1,155.0,0
295,1,100.5,0
185,1,235.56,0
191,2,617.05,0
44,2,348.1,1
52,1,202.68,1
26,1,615.49,1
38,3,1247.69,1
9,3,202.11,1
297,1,142.4,0
33,3,1727.6,1
9,10,3253.64,2
9,5,1087.2,1
218,1,67.95,0
65,2,487.99,1
141,2,589.7,0
130,5,1525.31,2
34,7,1488.92,2
119,1,156.75,1
107,9,2204.38,2
11,7,2599.03,2
71,7,2210.65,2
311,1,1063.0,0
35,3,778.73,1
92,8,1508.83,2
22,2,490.22,1
4,3,1937.25,2
11,6,1051.79,2
85,2,389.17,1
57,2,813.11,1
218,1,265.2,0
18,1,322.08,1
50,2,363.34000000000003,1
7,7,1238.75,2
299,2,517.46,0
10,6,2248.5,2
22,6,1372.8,2
99,1,89.06,1
143,2,169.4,0
306,1,131.9,0
320,1,2661.24,0
8,5,2357.6800000000003,2
1,10,1880.64,2
2,5,1635.02,2
54,7,1439.52,2
1,4,1010.35,1
19,5,1163.23,2
9,2,375.35,1
19,4,885.8,1
181,3,483.25,0
60,2,643.9,1
11,2,259.05,1
190,1,119.93,0
311,1,113.64,0
155,1,1837.92,0
110,4,485.34,1
148,3,2103.06,2
98,3,529.62,1
247,3,1038.44,0
29,7,2272.4,2
18,4,596.26,1
12,2,461.19,1
104,8,1852.67,2
74,2,234.34000000000003,1
43,2,557.61,1
72,6,1051.88,2
257,1,193.0,0
20,5,1311.39,2
254,2,316.25,0
11,1,279.05,1
165,2,636.51,0
18,6,2022.81,2
150,2,145.0,0
50,1,321.92,1
39,1,162.8,1
27,7,1178.23,2
51,2,1081.1299999999999,1
207,1,463.38,0
175,2,340.93,0
7,7,2403.64,2
26,1,139.56,1
51,2,123.8,1
312,2,538.8100000000001,0
301,2,493.27,0
43,5,1957.32,2
26,3,808.44,1
88,3,356.85,1
64,3,312.11,1
3,6,3543.26,2
47,4,673.26,1
17,5,1960.65,2
24,7,1382.88,2
22,2,268.05,1
11,6,1362.21,2
188,2,275.28,0
101,4,472.69,1
61,3,990.2,1
18,6,2076.89,2
33,2,330.45,1
64,1,174.37,1
2,2,270.6,1
24,4,974.54,1
108,1,241.09,1
32,9,1843.83,2
37,1,364.21999999999997,1
60,3,578.61,1
26,6,2862.11,2
236,4,932.85,0
25,9,2086.82,2
59,4,2877.94,2
260,1,170.95,0
58,1,355.56,1
65,2,388.25,1
16,2,537.48,1
10,3,952.66,1
59,8,1453.35,2
186,1,103.25,0
24,2,2004.3,1
4,9,2665.0,2
151,2,652.8,0
311,1,289.24,0
11,2,757.37,1
18,2,186.23,1
152,1,164.22,0
19,5,859.27,1
10,4,2279.4900000000002,2
57,2,312.54,1
64,2,1576.76,1
76,3,1080.76,1
96,6,3124.4700000000003,2
111,1,1432.0,1
35,3,1536.26,1
1,1,227.39,1
281,2,218.06,0
3,10,2833.69,2
13,4,859.71,1
3,1,168.63,1
17,1,138.6,1
41,1,114.11,1
6,5,986.96,1
169,5,1046.06,0
50,1,157.05,1
227,3,340.56,0
19,10,1583.19,2
15,4,1320.21,1
35,3,557.94,1
22,3,617.15,1
7,2,363.33,1
20,6,1740.6,2
11,2,866.24,1
44,1,221.97,1
306,1,393.33000000000004,0
11,1,213.96,1
275,1,660.0,0
4,4,1785.15,2
72,4,601.56,1
243,3,406.08000000000004,0
9,4,568.29,1
239,2,409.37,0
204,3,432.28000000000003,0
1,6,1810.96,2
185,1,320.58000000000004,0
32,6,906.6,2
57,2,225.85,1
185,5,950.78,0
9,7,2825.4700000000003,2
312,1,21.85,0
91,2,671.96,1
4,3,975.0600000000001,1
51,3,1006.98,1
263,1,114.56,0
266,1,344.90000000000003,0
36,2,609.85,1
51,1,443.6,1
52,8,3016.64,2
16,8,2190.31,2
22,1,110.46,1
59,1,96.12,1
170,3,719.01,0
9,4,881.0600000000001,1
157,2,597.09,0
201,1,236.04000000000002,0
5,4,1402.59,1
67,2,653.75,1
77,1,114.18,1
1,7,1926.65,2
4,5,1934.31,2
169,2,291.05,0
18,5,858.17,1
5,2,247.15,1
87,2,285.74,1
27,1,107.95,1
29,4,741.37,1
20,2,636.24,1
61,7,2413.02,2
24,1,195.25,1
242,3,1259.24,0
280,2,392.86,0
235,2,765.55,0
3,5,1736.4,2
16,1,596.36,1
31,8,2553.2400000000002,2
71,3,498.95,1
188,2,52.0,0
26,5,1201.51,2
107,1,628.38,1
209,1,112.8,0
44,3,368.14,1
31,5,2114.33,2
137,5,601.05,1
265,1,172.9,0
4,9,2086.93,2
218,2,188.60999999999999,0
2,5,1217.27,2
214,1,109.13000000000001,0
32,3,2195.1,2
15,1,318.17,1
11,9,1493.96,2
199,1,179.0,0
3,4,1156.07,1
14,4,599.48,1
29,3,917.07,1
24,1,160.19,1
25,4,867.38,1
43,2,307.51,1
2,6,1591.79,2
6,3,663.81,1
147,1,180.42000000000002,0
10,6,1122.3600000000001,2
25,1,655.58,1
274,1,268.58,0
1,8,1897.57,2
47,3,380.02,1
8,10,2718.64,2
4,3,1164.55,1
39,9,1338.96,2
191,4,1473.21,0
12,6,1400.34,2
16,9,1111.43,2
113,6,1273.36,2
248,2,362.1,0
29,6,1519.71,2
44,1,389.64,1
87,1,563.15,1
45,2,638.05,1
15,1,738.96,1
75,1,420.5,1
145,4,1484.06,1
5,3,1625.97,1
294,2,124.60000000000001,0
59,2,255.9,1
264,1,300.52,0
44,2,306.05,1
29,3,254.11,1
8,8,2523.67,2
17,3,245.70000000000002,1
232,2,876.42,0
112,1,139.26,1
58,3,1011.9,1
4,2,17.45,1
127,2,730.86,1
281,3,386.15,0
55,2,447.68,1
320,1,200.10000000000002,0
26,2,289.99,1
10,2,77.4,1
7,2,679.4399999999999,1
29,1,197.64,1
17,4,745.06,1
64,2,12.4,1
4,2,243.84,1
3,9,1367.71,2
166,1,131.45000000000002,0
53,3,173.74,1
51,1,157.7,1
61,1,189.34,1
162,3,845.55,0
9,1,353.27,1
15,4,546.4,1
75,1,193.39000000000001,1
41,11,2085.33,2
37,2,778.5,1
197,1,271.85,0
200,2,1110.34,0
74,3,657.8,1
64,2,272.07,1
21,4,507.29,1
180,3,321.43,0
10,4,1127.71,1
197,3,2139.76,0
29,6,750.45,1
53,1,188.88,1
18,8,1742.25,2
10,3,102.44999999999999,1
90,5,1657.8,2
268,1,62.85,0
53,6,3295.76,2
35,8,3192.58,2
64,4,3189.81,2
149,1,309.4,0
312,2,373.35,0
23,2,511.35,1
58,6,2836.69,2
9,3,488.55,1
78,8,2749.97,2
119,2,645.65,1
36,3,1290.53,1
60,3,1180.59,1
13,5,1355.44,2
9,2,172.02,1
52,1,125.79,1
26,2,841.1999999999999,1
29,1,266.76,1
7,2,52.2,1
186,4,719.23,0
3,9,2967.54,2
4,3,725.2,1
262,1,327.25,0
3,4,501.28000000000003,1
210,1,519.68,0
9,5,1481.92,2
13,9,1476.09,2
77,3,690.59,1
20,1,255.4,1
27,2,589.7,1
19,7,766.54,2
132,1,765.3199999999999,1
253,1,364.8,0
79,1,1862.0,1
207,1,369.2,0
254,1,125.65,0
148,2,554.38,0
10,2,1237.8500000000001,1
85,1,655.75,1
205,2,468.77000000000004,0
8,4,1366.38,1
23,8,1344.51,2
11,10,1427.59,2
21,2,351.21,1
21,10,2861.48,2
2,2,1025.44,1
154,3,632.4,0
3,10,3523.35,2
74,1,277.8,1
3,7,478.84,2
17,3,894.18,1
36,4,1227.43,1
86,3,356.13,1
71,5,1273.12,2
116,2,1610.15,1
213,2,977.77,0
30,2,1316.07,1
51,1,749.1,1
246,1,310.05,0
32,1,223.88,1
109,3,2362.96,2
5,6,1550.68,2
73,3,1893.04,2
297,1,1784.71,0
57,4,1626.13,2
14,1,100.9,1
72,2,290.82,1
23,7,1137.3700000000001,2
9,2,381.15000000000003,1
79,1,311.69,1
25,1,285.67,1
12,1,294.85,1
253,1,58.49,0
147,3,483.72999999999996,0
59,5,705.87,1
8,2,221.27,1
271,1,126.7,0
10,5,1472.34,2
247,1,206.21,0
96,2,596.09,1
15,1,183.02,1
50,1,463.8,1
30,1,147.59,1
68,4,1592.06,2
35,3,1097.98,1
128,1,114.77,1
107,3,1314.45,1
37,1,89.94,1
57,1,279.94,1
57,8,815.86,2
72,5,1921.3700000000001,2
246,1,102.12,0
19,2,202.37,1
198,2,292.01,0
16,2,326.4,1
212,1,334.54,0
39,2,231.98000000000002,1
46,4,551.42,1
170,2,414.87,0
48,1,490.52,1
116,4,1641.76,2
147,1,1220.77,0
51,1,480.38,1
159,1,156.91,0
12,3,1259.43,1
36,1,308.94,1
54,2,405.04,1
43,2,257.67,1
173,1,170.04,0
34,1,125.58,1
39,4,536.16,1
267,1,252.81,0
12,4,852.39,1
10,10,1636.43,2
33,1,361.96,1
80,3,469.0,1
31,6,1080.35,2
8,4,627.13,1
72,2,518.28,1
4,4,653.19,1
5,11,2572.83,2
90,1,252.73000000000002,1
72,3,429.56,1
43,7,725.64,2
170,1,179.93,0
199,1,135.93,0
31,1,537.0,1
152,3,837.66,0
270,1,343.62,0
65,5,384.48,1
274,1,121.17000000000002,0
25,5,1792.61,2
23,3,1383.3600000000001,1
319,1,207.73000000000002,0
5,3,693.95,1
12,2,302.1,1
275,2,1489.5,0
25,11,2102.54,2
41,11,1349.62,2
8,4,294.25,1
71,4,987.86,1
213,1,370.79999999999995,0
38,6,3180.28,2
32,2,1026.59,1
78,3,1744.76,1
46,2,553.36,1
179,1,1109.53,0
94,2,982.07,1
10,4,1474.39,2
105,1,735.67,1
78,1,773.03,1
173,1,880.85,0
213,5,897.56,0
22,6,522.25,1
257,1,88.2,0
282,1,306.94,0
21,3,1179.8700000000001,1
10,6,2420.84,2
308,1,381.32,0
54,2,484.46,1
215,2,457.81,0
104,5,1376.5,2
43,1,219.39000000000001,1
4,1,248.08,1
84,1,410.48,1
330,6,1116.8999999999999,0
9,3,325.03,1
31,2,703.36,1
167,3,1018.44,0
18,7,2298.93,2
18,7,1437.31,2
311,8,391.34,0
142,5,1308.75,2
241,2,506.15000000000003,0
24,7,1019.0,2
29,3,1567.48,1
10,4,3679.35,2
30,10,2760.56,2
18,1,340.11,1
18,4,1352.75,1
15,6,1553.43,2
134,1,244.8,0
246,1,266.4,0
130,2,373.82,1
50,2,457.72,1
85,6,1655.43,2
7,2,2199.31,2
23,2,184.19,1
66,1,406.53,1
60,8,1522.46,2
50,11,3447.4,2
170,1,330.11,0
18,5,977.9300000000001,1
128,3,982.42,1
15,8,1387.99,2
233,2,150.95,0
3,5,1290.95,2
240,2,178.96,0
52,8,2358.5,2
46,1,498.74,1
226,1,259.45,0
4,4,1194.73,1
165,3,1340.66,0
219,2,638.35,0
11,1,301.29,1
134,1,520.8000000000001,0
31,1,329.25,1
74,2,283.83,1
1,3,961.49,1
4,5,2002.6399999999999,2
45,1,401.40000000000003,1
18,2,304.47,1
69,3,824.58,1
321,1,158.8,0
26,1,106.56,1
325,2,1544.5,0
9,5,1624.05,2
323,1,135.75,0
72,1,224.14,1
260,1,40.5,0
18,7,2227.7,2
66,5,698.68,1
154,2,622.85,0
29,2,402.2,1
70,1,310.62,1
14,2,411.41,1
120,3,1044.32,1
61,1,499.32,1
9,5,1502.7800000000002,2
92,2,193.64,1
59,4,1268.7,1
79,11,1545.24,2
26,6,1827.8,2
85,3,657.65,1
10,4,420.29999999999995,1
1,6,872.62,2
225,1,331.18,0
60,2,894.4100000000001,1
239,2,114.64999999999999,0
319,3,331.65,0
2,8,1661.44,2
45,6,853.89,2
88,1,96.6,1
176,1,305.75,0
52,7,1799.0,2
319,1,585.0,0
226,3,1056.6,0
234,1,409.40000000000003,0
311,1,154.41,0
37,5,1219.4,2
66,5,3396.46,2
239,2,429.6,0
113,2,612.06,1
277,1,197.0,0
299,1,321.05,0
2,4,1412.32,2
29,5,1087.44,1
10,3,796.84,1
45,7,1727.57,2
67,9,1774.29,2
74,1,316.68,1
65,2,631.57,1
134,3,2515.84,2
238,2,514.15,0
122,1,356.0,1
36,2,740.78,1
16,6,921.1,2
127,1,300.36,1
67,1,890.85,1
149,1,98.45,0
281,2,402.15,0
169,2,623.16,0
100,8,1840.77,2
135,1,254.82,0
324,1,178.95000000000002,0
107,1,156.51,1
64,1,393.74,1
151,2,1506.1200000000001,0
22,5,1717.36,2
24,1,408.8,1
16,9,2460.7799999999997,2
57,2,721.94,1
4,2,716.57,1
31,2,621.09,1
66,1,128.63,1
47,1,255.89999999999998,1
172,1,113.12,0
50,1,240.55,1
22,3,488.14,1
43,5,2306.52,2
29,4,944.46,1
201,1,178.39,0
44,10,3735.41,2
10,4,648.84,1
64,1,496.44,1
290,1,574.02,0
61,10,708.5,2
64,3,1174.35,1
96,1,205.3,1
271,2,318.67,0
75,5,928.6,1
110,1,52.0,1
199,1,327.97,0
64,3,589.46,1
327,1,165.0,0
4,1,312.62,1
284,1,204.5,0
44,1,267.13,1
49,4,2833.14,2
64,2,756.39,1
104,1,161.74,1
53,1,208.75,1
35,5,1093.9,1
32,2,714.96,1
208,1,1028.56,0
157,3,350.82,0
54,1,170.22,1
66,3,590.57,1
81,1,2020.52,1
116,2,420.41999999999996,1
87,1,364.5,1
1,5,651.3,1
35,2,419.39,1
72,1,158.04,1
158,2,463.90999999999997,0
12,10,2032.63,2
255,2,770.12,0
29,2,277.05,1
31,10,2718.03,2
40,1,427.93,1
241,2,333.95,0
96,2,913.19,1
26,9,3298.19,2
75,2,602.51,1
57,5,1887.49,2
21,1,446.94000000000005,1
144,1,1592.49,0
41,8,2411.55,2
137,1,2007.3999999999999,1
129,1,168.0,1
40,3,1221.56,1
9,6,1698.16,2
214,2,596.85,0
170,3,649.06,0
40,1,316.88,1
186,1,394.14,0
270,1,140.54,0
172,1,500.0,0
5,5,1555.33,2
16,2,231.86,1
10,4,2183.54,2
326,1,107.45,0
113,1,288.18,1
290,1,94.0,0
16,3,1351.43,1
1,3,815.77,1
92,6,765.7,1
149,2,626.77,0
189,1,349.1,0
18,4,594.8100000000001,1
34,4,1046.74,1
264,1,267.18,0
84,8,3450.84,2
26,5,1361.43,2
171,1,190.53,0
10,3,774.9000000000001,1
313,1,559.61,0
85,1,508.8,1
25,1,135.86,1
59,4,950.36,1
323,2,97.7,0
38,1,43.5,1
254,2,383.34,0
19,7,1421.56,2
33,3,1430.54,1
15,1,93.78,1
27,3,429.8,1
23,1,171.19,1
79,3,648.73,1
8,6,1085.48,2
22,1,149.29,1
12,3,1067.75,1
262,1,200.16,0
131,1,156.57999999999998,0
55,3,383.68,1
249,1,594.0,0
2,8,3238.34,2
9,2,1411.21,1
264,1,113.5,0
331,1,155.17,0
313,1,494.64,0
26,5,977.82,1
30,1,429.84,1
30,3,528.48,1
2,7,1371.77,2
283,3,434.59000000000003,0
262,1,237.07,0
25,1,161.64,1
94,3,234.6,1
29,1,126.14,1
85,1,334.53,1
9,4,537.88,1
35,5,496.56,1
43,4,572.6,1
2,1,454.48,1
113,1,371.56,1
14,10,2077.2,2
77,1,454.10999999999996,1
40,2,1399.92,1
116,1,905.5,1
161,4,225.26,0
1,5,3621.61,2
30,3,2564.5,2
93,1,91.32000000000001,1
23,4,1178.53,1
95,7,3109.33,2
28,2,659.4599999999999,1
33,7,1987.96,2
21,2,1280.58,1
18,3,1264.7,1
8,4,1131.56,1
81,1,52.83,1
53,7,3724.78,2
23,3,972.08,1
172,1,475.86,0
189,6,1000.27,0
331,1,250.0,0
12,5,900.53,1
156,2,121.0,0
45,3,62.43,1
233,1,267.03,0
2,1,343.5,1
33,2,397.99,1
84,1,412.01000000000005,1
25,1,440.0,1
2,4,749.27,1
33,2,148.44,1
19,10,2509.4900000000002,2
254,1,229.33,0
22,4,1497.31,2
8,2,1972.39,1
25,6,1628.58,2
19,5,868.22,1
173,7,579.4,0
163,1,110.92,0
7,1,538.46,1
11,1,213.3,1
114,1,85.13000000000001,1
288,1,127.86,0
9,11,3550.91,2
54,2,288.96999999999997,1
77,4,1718.96,2
4,4,575.63,1
37,1,436.06,1
217,1,90.12,0
60,1,428.93,1
278,1,217.2,0
24,1,279.77,1
29,1,468.91,1
12,5,878.4399999999999,1
9,7,1481.19,2
50,2,173.16,1
19,1,186.01,1
3,3,758.29,1
104,5,1375.71,2
12,4,650.4300000000001,1
5,7,2533.42,2
32,2,591.1899999999999,1
178,4,675.64,0
38,1,921.37,1
151,3,258.88,0
162,1,127.1,0
69,2,327.6,1
25,3,682.9100000000001,1
24,5,723.36,1
177,1,455.3,0
50,4,913.6800000000001,1
253,4,500.48,0
289,1,30.19,0
47,1,388.58,1
71,1,199.8,1
16,6,1776.03,2
101,9,1469.84,2
30,2,333.42,1
35,3,245.68,1
27,2,761.74,1
79,1,48.480000000000004,1
52,1,216.39,1
36,5,1198.23,2
57,11,3417.68,2
28,4,1093.68,1
183,2,326.93,0
52,1,112.46000000000001,1
36,2,195.15,1
33,5,806.6709999999999,1
11,1,336.40000000000003,1
50,6,1581.96,2
4,6,1427.29,2
141,1,301.03,0
117,4,588.13,1
100,8,1563.96,2
75,2,675.8,1
5,10,2874.84,2
45,3,1192.3,1
16,10,3423.31,2
17,1,243.55,1
90,2,724.76,1
53,1,223.36,1
301,1,94.0,0
134,1,425.32,0
105,4,1887.2,2
179,6,680.6,0
166,4,803.54,0
19,1,612.01,1
158,4,470.14000000000004,0
204,4,696.95,0
37,3,646.3,1
91,1,337.74,1
93,2,877.4399999999999,1
9,2,922.53,1
233,2,610.02,0
45,4,748.5,1
23,1,30.0,1
190,8,1089.3,2
44,1,306.45,1
317,2,309.8,0
106,1,138.14,1
51,2,414.23,1
168,2,2222.21,0
40,1,301.32,1
218,1,76.32000000000001,0
40,5,690.99,1
297,1,173.05,0
19,10,2678.77,2
88,4,2726.23,2
73,8,3149.18,2
81,3,323.69,1
9,5,3547.43,2
49,1,657.23,1
53,1,352.7,1
24,4,781.28,1
9,3,1333.68,1
18,6,1905.96,2
117,1,193.75,1
9,11,3004.7,2
120,2,254.1,1
4,2,239.76,1
252,1,136.8,0
28,1,191.04,1
267,2,409.98,0
18,1,309.65,1
172,3,729.33,0
2,4,1529.0,2
265,1,211.5,0
140,4,2293.62,2
201,1,143.1,0
60,7,1119.31,2
35,4,916.98,1
41,11,3269.77,2
284,1,133.25,0
9,5,1072.3600000000001,1
143,3,366.65,1
12,2,330.03000000000003,1
146,4,1101.1100000000001,1
234,1,150.3,0
24,1,598.73,1
12,1,471.40000000000003,1
36,6,2252.56,2
201,3,224.20000000000002,0
15,1,415.25,1
49,1,134.8,1
198,2,108.0,0
66,4,1133.38,1
212,2,294.12,0
283,1,162.3,0
115,2,1339.45,1
66,1,449.12,1
49,1,154.88,1
16,4,775.96,1
78,1,34.8,1
9,6,1117.94,2
134,2,210.79999999999998,1
13,3,946.64,1
40,1,144.36,1
3,9,2477.3,2
40,8,2635.05,2
305,1,79.2,0
51,4,461.47,1
1,8,2409.62,2
61,4,528.01,1
66,2,714.42,1
25,1,205.25,1
218,3,253.04,0
65,2,583.75,1
32,3,1125.17,1
81,10,3314.47,2
64,1,315.06,1
116,4,661.8299999999999,1
6,1,635.6800000000001,1
69,1,270.8,1
245,1,104.9,0
133,1,241.62,0
241,5,1072.61,0
184,3,475.28000000000003,0
25,4,357.36,1
10,4,2635.54,2
11,1,246.3,1
30,8,2354.19,2
26,3,933.26,1
10,1,218.75,1
44,3,1620.94,1
9,4,982.26,1
150,1,610.01,0
1,10,2753.56,2
113,4,2207.4,2
76,3,884.14,1
107,2,696.89,1
46,4,1085.71,1
143,3,1354.26,1
51,1,415.82000000000005,1
46,3,784.58,1
50,3,903.9,1
306,5,3661.4700000000003,2
36,6,632.33,1
79,7,1638.53,2
17,9,2265.92,2
107,5,1801.14,2
208,2,1303.9099999999999,0
3,6,2047.93,2
64,5,2100.6,2
49,4,1905.45,2
320,1,206.98,0
44,2,570.96,1
3,2,885.47,1
172,1,532.94,0
51,4,1659.26,2
99,2,636.14,1
29,2,604.3,1
58,4,848.64,1
254,1,836.79,0
70,6,2374.0,2
44,4,954.09,1
45,2,157.27,1
65,1,391.98,1
25,5,1076.24,1
59,3,365.46,1
64,6,1239.02,2
304,1,118.95000000000002,0
46,1,130.73999999999998,1
38,2,389.27,1
19,2,234.88,1
187,2,160.71,0
52,1,110.8,1
137,5,712.24,1
19,1,297.0,1
16,5,1427.57,2
41,8,965.16,2
12,9,3311.92,2
8,4,832.88,1
26,2,68.84,1
22,8,2102.86,2
41,3,895.13,1
101,1,211.89,1
277,2,149.64,0
33,1,351.44,1
15,2,316.25,1
2,3,542.83,1
312,8,564.54,0
199,5,537.36,0
2,2,396.48,1
93,3,379.35,1
60,1,181.09,1
80,2,195.35000000000002,1
157,2,420.07,0
227,1,511.68,0
253,2,258.25,0
150,1,179.17,0
194,2,208.59,0
1,6,1388.03,2
24,1,337.28,1
17,3,351.73,1
8,1,164.68,1
20,8,1613.59,2
4,3,882.72,1
174,1,191.94,0
1,8,1228.88,2
178,2,264.62,0
16,10,1539.71,2
248,1,123.1,0
191,2,334.23,0
20,2,525.69,1
154,4,167.5,0
173,1,323.03000000000003,0
194,1,207.15,0
67,1,426.63,1
4,11,2529.89,2
21,3,1107.46,1
239,2,416.86,0
64,1,145.35,1
112,5,404.58,1
311,2,39.8,0
134,1,337.44,0
277,1,325.1,0
83,1,1708.24,1
8,2,955.24,1
17,2,364.72,1
2,5,1804.96,2
1,3,746.87,1
34,4,781.91,1
15,10,1682.1299999999999,2
32,1,428.89,1
74,1,104.35,1
20,2,470.76,1
17,4,808.87,1
23,2,397.68,1
3,4,749.3,1
304,1,314.1,0
236,3,515.87,0
39,8,3454.75,2
84,1,371.01,1
165,2,427.64,0
17,2,1054.73,1
77,1,1098.78,1
89,3,2398.86,2
25,8,3408.48,2
22,4,1465.12,2
3,11,2801.33,2
123,3,1247.42,1
30,1,168.12,1
12,7,1432.77,2
19,1,156.78,1
44,2,792.11,1
4,1,41.989999999999995,1
9,10,2818.42,2
55,1,414.27,1
88,7,1048.48,2
37,6,3086.02,2
30,5,2735.37,2
12,4,578.71,1
211,1,101.4,0
48,4,1693.81,2
24,3,478.78,1
22,4,972.11,1
246,3,392.4,0
35,3,1415.29,1
36,4,656.08,1
4,4,719.4,1
3,10,1490.96,2
47,1,211.88,1
39,2,408.90000000000003,1
17,3,851.01,1
260,1,602.63,0
46,3,719.81,1
12,1,251.03,1
30,1,439.65999999999997,1
43,1,236.09,1
92,7,1017.12,2
310,1,331.24,0
92,2,547.9,1
196,3,437.7,0
87,2,758.92,1
270,3,855.02,0
8,4,489.23,1
65,3,1313.55,1
31,3,3166.4,2
22,7,1227.37,2
38,4,773.99,1
120,4,1340.7,1
86,3,269.19,1
40,3,1074.81,1
174,1,137.9,0
54,1,362.06,1
33,2,1511.95,1
145,1,783.9,0
221,1,134.8,0
45,1,650.75,1
4,10,2386.02,2
66,6,1453.16,2
269,1,29.95,0
10,4,1153.62,1
260,1,335.32,0
17,5,1521.04,2
22,2,852.15,1
45,1,326.24,1
288,1,584.3199999999999,0
292,2,150.45,0
3,11,2295.93,2
284,1,79.2,0
17,3,1352.0,1
82,3,257.72,1
56,5,2799.42,2
101,2,1317.62,1
299,1,436.18,0
23,5,981.51,1
59,6,1123.47,2
155,2,315.06,0
99,5,856.36,1
107,1,17.0,1
12,6,1114.63,2
264,1,320.62,0
240,1,185.04999999999998,0
88,7,2005.63,2
50,3,731.9,1
9,3,1335.44,1
42,3,1842.14,2
7,6,1429.64,2
62,1,298.21,1
249,1,336.96,0
66,1,108.38,1
18,7,3204.1600000000003,2
85,2,868.9,1
219,2,611.88,0
45,3,1320.95,1
143,4,195.73999999999998,1
183,1,161.38,0
171,1,135.75000000000003,0
10,8,1660.8799999999999,2
206,2,632.68,0
190,1,232.21,0
8,2,423.36,1
59,5,1324.14,2
57,2,854.66,1
73,4,684.4200000000001,1
52,1,307.78,1
316,2,310.85,0
39,1,656.25,1
18,5,1880.22,2
52,6,3506.54,2
22,3,632.49,1
263,1,517.55,0
60,3,709.38,1
19,3,635.41,1
53,4,746.59,1
88,1,620.4,1
250,1,535.34,0
3,7,2430.04,2
247,1,175.2,0
157,3,734.13,0
134,1,375.0,0
296,1,76.32000000000001,0
5,2,280.52,1
39,10,2199.97,2
269,1,1829.04,0
50,5,1824.23,2
16,4,669.14,1
282,1,348.2,0
64,4,1041.43,1
252,1,37.4,0
225,3,1271.6000000000001,0
17,4,842.4300000000001,1
8,4,1822.97,2
51,7,1889.6799999999998,2
59,1,73.2,1
95,5,1140.21,1
16,7,1430.07,2
126,3,1009.5500000000001,1
94,4,1037.59,1
50,1,331.95,1
138,1,197.9,0
61,1,215.83,1
73,1,305.54,1
67,1,338.71000000000004,1
64,7,1162.04,2
17,2,529.41,1
45,4,981.86,1
16,2,215.48,1
40,1,215.08,1
237,1,314.45,0
75,1,400.68100000000004,1
4,2,1068.8700000000001,1
3,5,1905.42,2
59,5,596.65,1
23,1,384.18,1
31,4,757.63,1
55,4,537.0600000000001,1
25,1,394.38,1
45,2,664.26,1
89,5,2262.62,2
81,2,551.27,1
19,3,699.49,1
79,1,159.0,1
171,3,1062.75,0
81,1,242.35,1
267,1,914.9300000000001,0
235,4,349.11,0
30,8,3114.49,2
37,3,860.86,1
318,1,773.5500000000001,0
57,4,1295.3,1
45,5,1096.32,1
203,3,255.12,0
219,2,320.12,0
87,2,1010.6,1
190,2,542.03,0
33,5,998.53,1
71,5,651.23,1
41,6,876.21,2
78,1,432.2,1
57,3,455.5,1
8,5,3743.79,2
8,8,3584.81,2
34,2,409.1,1
212,2,1522.75,0
24,5,1474.96,2
170,1,114.56,0
62,1,152.94,1
53,5,1800.07,2
261,2,389.44,0
32,3,3702.1,2
17,10,2630.52,2
258,2,772.23,0
177,1,46.95,0
51,1,1035.45,1
17,4,728.54,1
74,7,861.89,2
71,2,667.65,1
3,6,1410.5900000000001,2
117,1,411.7,1
197,1,559.87,0
177,1,810.6000000000001,0
23,3,594.93,1
21,4,1515.68,2
72,1,2062.06,1
6,7,1610.11,2
31,2,812.68,1
170,1,142.5,0
117,2,323.59999999999997,1
10,4,1328.55,1
213,4,328.4,0
23,3,598.2,1
108,2,253.62,1
139,1,361.21999999999997,0
214,9,662.27,2
38,4,2560.0,2
92,3,726.47,1
18,2,616.26,1
3,2,274.15000000000003,1
331,1,226.37,0
120,3,1341.65,1
35,1,328.15,1
218,1,404.40000000000003,0
172,2,1038.46,0
72,7,516.6,2
1,2,326.75,1
196,1,207.50000000000003,0
128,3,408.59000000000003,1
44,5,677.94,1
18,4,261.61,1
28,8,1592.8,2
37,1,151.05,1
157,1,214.79999999999998,0
284,1,94.05,0
107,1,534.31,1
25,6,1984.3600000000001,2
75,4,322.41,1
16,2,328.58,1
158,1,101.10000000000001,0
44,1,565.46,1
11,2,847.45,1
32,7,1415.65,2
291,1,53.5,0
21,5,1132.47,2
18,2,494.44,1
63,2,395.8,1
198,4,213.22,0
33,3,658.88,1
1,5,2030.05,2
5,8,3551.25,2
10,4,891.21,1
32,9,792.69,2
53,1,109.36000000000001,1
12,2,705.79,1
18,9,1540.42,2
19,1,327.3,1
37,2,800.67,1
2,2,479.91,1
18,3,1545.41,1
82,4,1301.91,1
33,2,355.73,1
66,2,466.73,1
9,3,984.45,1
267,1,676.2,0
247,3,362.95,0
4,5,2182.9,2
61,1,1743.1499999999999,1
75,2,643.76,1
90,2,584.5,1
60,3,554.86,1
29,2,302.57,1
323,1,94.36,0
53,5,1401.87,2
270,1,217.89,0
50,9,1698.62,2
61,5,1482.06,2
145,4,1780.45,2
19,2,408.02,1
95,1,303.93,1
265,2,293.45,0
302,2,193.95,0
70,1,443.05,1
302,2,167.25,0
19,1,154.35,1
13,10,2079.68,2
36,5,2022.98,2
19,2,211.7,1
54,1,135.99,1
57,1,262.2,1
22,2,126.25,1
44,1,200.27,1
27,4,1075.81,1
45,3,631.12,1
113,7,971.46,2
25,1,346.12,1
191,2,184.56,0
302,1,302.7,0
2,10,1863.76,2
263,2,241.06,0
81,1,2.95,1
106,1,284.55,1
57,1,300.85,1
213,3,623.28,0
64,1,287.4,1
28,1,184.26,1
29,7,1511.8,2
6,5,798.35,1
8,5,3640.67,2
67,2,381.2,1
2,3,609.3,1
46,5,670.57,1
34,1,230.51,1
136,1,255.91,0
198,1,182.99,0
191,3,740.69,0
150,1,311.92,0
88,1,266.97,1
45,3,21.950000000000003,1
64,7,1841.18,2
99,5,2158.18,2
218,1,208.36,0
28,3,811.23,1
178,1,142.92,0
64,4,170.0,1
21,7,1461.1,2
20,3,1298.66,1
34,7,1595.96,2
74,1,74.9,1
24,4,625.42,1
52,5,757.72,1
275,1,223.95000000000002,0
165,4,317.36,0
7,11,1870.68,2
88,4,544.3,1
64,7,2494.46,2
25,3,331.0,1
10,2,300.83,1
76,1,769.29,1
16,1,220.62,1
192,1,139.35,0
174,3,429.2,0
77,1,363.65,1
33,4,505.4,1
47,1,731.5,1
73,6,1373.6,2
297,1,826.53,0
3,3,648.26,1
9,4,1636.82,2
50,6,2965.69,2
161,3,115.82000000000001,0
5,6,400.86,1
107,5,1442.43,2
25,1,465.88,1
32,1,777.6,1
20,2,90.30000000000001,1
297,1,363.7,0
22,3,918.33,1
5,4,874.59,1
52,5,1624.14,2
30,1,101.69999999999999,1
277,1,162.7,0
61,3,487.72,1
25,2,215.07999999999998,1
186,4,1056.52,0
172,1,290.36,0
81,1,228.06,1
4,1,244.41,1
190,1,455.25,0
22,7,1244.59,2
19,5,1151.43,2
5,1,593.75,1
107,2,558.07,1
3,4,1388.81,1
54,1,119.62,1
165,1,339.3,0
291,3,1670.23,0
109,9,2331.69,2
96,3,922.12,1
243,2,379.73,0
3,7,1032.6499999999999,2
35,2,285.89,1
67,7,3313.79,2
24,2,281.85,1
21,3,866.31,1
6,2,511.12,1
54,1,1077.74,1
15,6,615.3100000000001,1
194,2,865.6,0
3,1,124.2,1
3,5,1558.16,2
127,4,1019.5,1
74,4,678.8100000000001,1
71,1,451.44,1
155,2,141.24,0
113,1,313.62,1
80,3,964.13,1
249,1,463.95,0
232,1,225.15,0
71,3,459.24,1
69,1,213.5,1
51,3,330.03,1
75,1,181.09,1
61,1,360.16,1
16,2,250.15,1
4,1,90.04,1
277,2,149.4,0
4,6,813.52,2
41,1,242.7,1
31,2,561.43,1
75,2,482.47,1
219,1,75.66,0
186,2,137.99,0
33,4,1187.66,1
70,1,618.59,1
183,1,506.19,0
15,2,500.42,1
236,1,151.85,0
31,6,2664.54,2
254,2,248.01,0
4,2,178.96,1
52,4,813.48,1
246,1,129.45,0
81,2,810.5699999999999,1
275,1,333.08,0
79,1,322.8,1
30,6,2193.06,2
74,2,408.63,1
17,7,2888.05,2
223,2,217.9,0
32,5,1184.35,2
23,11,1684.97,2
25,4,1345.64,1
106,1,231.10000000000002,1
5,3,696.83,1
246,1,487.51,0
178,2,833.78,0
170,2,214.06,0
39,2,310.46,1
72,1,518.42,1
16,3,1258.4,1
141,5,607.57,1
10,4,874.43,1
189,1,39.12,0
16,5,1724.85,2
19,1,118.98,1
68,2,567.1800000000001,1
15,6,306.71999999999997,1
24,4,1352.88,1
28,3,1692.27,1
55,2,304.24,1
34,5,1625.52,2
43,1,183.7,1
73,6,1770.34,2
5,5,1028.0,1
61,2,324.24,1
47,9,2979.23,2
1,4,1260.86,1
76,3,541.9399999999999,1
44,3,242.53,1
256,2,1276.0,0
69,2,477.86,1
135,4,657.9000000000001,1
241,1,112.75,0
227,2,1998.0,0
37,3,531.35,1
46,1,656.63,1
85,5,3029.87,2
19,10,2467.99,2
3,5,1651.03,2
9,11,3611.31,2
219,4,1379.06,0
78,1,301.71999999999997,1
267,3,1482.6000000000001,0
15,8,1786.72,2
26,1,152.95,1
262,1,292.47,0
91,2,576.4,1
302,8,764.22,0
26,5,1358.74,2
46,4,1048.28,1
52,4,783.43,1
32,1,603.75,1
52,3,646.76,1
79,7,2278.76,2
53,1,417.59999999999997,1
298,1,3.75,0
172,2,333.45,0
47,2,929.8,1
29,8,2259.38,2
11,7,1291.91,2
25,4,845.16,1
18,5,1515.9,2
45,5,623.93,1
31,1,1764.72,1
58,1,223.92000000000002,1
114,5,1487.63,2
215,1,239.4,0
319,1,106.83000000000001,0
65,1,369.34000000000003,1
8,4,806.74,1
97,1,316.62,1
20,3,1207.24,1
185,2,628.8,0
294,1,34.0,0
273,2,1145.6,0
48,5,498.14,1
260,1,361.54,0
58,6,782.3000000000001,1
33,5,2242.61,2
57,1,171.59,1
68,5,668.12,1
10,11,1691.51,2
60,1,371.54,1
80,2,222.62,1
74,2,245.94,1
100,2,422.24,1
20,1,107.6,1
123,2,594.39,1
8,1,80.8,1
4,8,1571.1200000000001,2
29,8,1721.28,2
282,2,110.38000000000001,0
57,1,243.84,1
89,1,305.62,1
11,1,1162.65,1
163,5,2346.13,2
65,1,332.3,1
23,3,536.99,1
174,2,460.59,0
103,4,762.16,1
143,3,1121.59,1
99,2,288.42,1
23,6,916.64,2
192,2,343.44,0
5,2,547.07,1
8,10,1652.18,2
103,4,417.06,1
96,1,497.61,1
227,1,358.38,0
16,2,460.64,1
39,2,775.1800000000001,1
51,1,341.7,1
93,2,128.5,1
157,1,197.22,0
39,1,325.91,1
184,3,199.15,0
1,4,1106.53,1
228,1,413.46,0
128,2,180.85,1
40,2,251.87,1
197,3,594.8000000000001,0
37,7,1965.02,2
64,4,1267.94,1
50,1,214.32,1
43,1,193.44,1
53,1,281.42,1
187,1,124.57,0
4,3,342.45,1
10,2,144.91000000000003,1
24,2,328.4,1
15,1,35.400000000000006,1
106,5,1022.48,1
60,3,195.87,1
29,4,524.25,1
141,3,207.73999999999998,1
23,5,836.92,1
22,7,2863.19,2
77,3,680.02,1
64,9,2167.59,2
12,6,846.62,2
25,2,26.6,1
31,7,1491.43,2
67,1,432.0,1
67,3,705.12,1
187,2,272.48,0
38,2,429.84000000000003,1
15,3,450.41,1
35,1,192.32999999999998,1
195,3,1578.67,0
2,5,742.43,1
1,7,546.89,2
65,1,202.27,1
299,3,366.53000000000003,0
26,4,565.38,1
8,6,1271.06,2
12,5,1586.53,2
116,1,1706.88,1
29,1,363.2,1
5,8,3054.55,2
82,4,559.59,1
29,5,928.76,1
64,2,394.14,1
4,8,1508.96,2
290,1,113.44,0
36,1,183.76,1
9,6,621.6800000000001,1
24,2,562.41,1
277,1,391.52,0
50,7,1094.3,2
156,11,2592.25,2
61,1,154.18,1
21,4,937.14,1
116,3,543.05,1
4,7,1295.39,2
26,3,378.89,1
53,1,150.23000000000002,1
1,5,596.38,1
55,2,931.03,1
26,1,261.9,1
9,5,3544.9300000000003,2
52,3,3049.88,2
13,10,1931.47,2
212,3,816.73,0
236,1,406.48,0
139,3,435.02,1
4,7,1411.27,2
57,3,1178.56,1
123,4,1292.75,1
109,2,167.61,1
30,1,20.8,1
1,9,2085.08,2
185,5,543.67,0
9,2,325.14,1
239,2,416.64,0
87,1,117.35000000000001,1
39,3,507.05,1
116,1,234.17,1
187,1,110.55000000000001,0
227,1,201.19,0
8,10,2161.47,2
189,1,319.02,0
4,2,439.43,1
39,3,650.41,1
3,2,482.21,1
267,1,251.51999999999998,0
78,1,344.33,1
4,8,1894.95,2
255,2,1028.46,0
61,1,384.06,1
13,8,1916.92,2
30,2,1873.2,1
3,7,1616.8,2
5,1,126.12,1
7,6,1133.25,2
219,1,179.0,0
11,6,1626.76,2
30,9,1486.46,2
288,3,702.0,0
150,6,302.98,1
23,2,484.82,1
73,4,1499.68,2
46,2,1312.1399999999999,1
5,4,781.78,1
51,7,902.4300000000001,2
17,2,205.26000000000002,1
30,1,270.9,1
8,4,604.1800000000001,1
29,3,1838.6100000000001,2
41,2,920.1,1
11,4,1258.08,1
31,1,71.0,1
45,3,95.85,1
61,3,357.77,1
185,2,154.82999999999998,0
79,7,919.26,2
111,2,716.0,1
64,1,146.87,1
12,2,380.35,1
86,3,1030.14,1
16,4,756.47,1
246,3,478.73,0
78,2,1281.42,1
30,1,112.4,1
138,1,449.73,0
27,4,1087.29,1
3,5,1036.58,1
32,4,1735.18,2
9,3,999.53,1
113,3,339.44,1
157,1,642.02,0
85,3,1100.9,1
115,6,986.38,2
96,6,3185.64,2
194,1,240.89000000000001,0
28,1,399.09,1
129,2,500.58,1
28,6,1358.83,2
82,3,1179.89,1
30,5,3080.39,2
266,1,234.24,0
314,5,537.23,0
9,11,1500.69,2
59,3,855.45,1
143,1,112.35,0
114,1,304.24,1
18,4,1446.09,2
18,5,854.47,1
36,3,841.0799999999999,1
36,2,378.2,1
78,1,118.80000000000001,1
22,3,289.74,1
25,2,288.91,1
33,2,2003.85,1
109,3,1405.78,1
35,2,2747.9900000000002,2
123,6,1574.0,2
7,6,2050.08,2
28,4,1991.01,2
4,8,1976.75,2
50,4,1774.03,2
318,2,333.8,0
22,6,1560.12,2
9,7,1051.58,2
2,9,970.92,2
18,2,971.74,1
10,4,1621.73,2
262,1,25.5,0
159,2,665.78,0
29,8,896.65,2
165,1,163.29999999999998,0
47,1,231.61,1
6,10,862.52,2
8,5,868.1,1
288,1,116.19999999999999,0
318,1,157.02,0
3,3,620.21,1
233,1,307.46,0
119,1,138.32,1
162,1,345.29999999999995,0
185,1,294.24,0
50,1,230.5,1
152,7,1002.35,2
5,5,2463.17,2
107,2,413.2,1
16,7,1139.73,2
276,1,380.5,0
247,1,454.12,0
239,1,579.0,0
1,2,984.57,1
106,3,749.78,1
23,6,1749.54,2
52,1,124.88,1
195,4,1875.5,2
24,1,213.78,1
75,1,329.34,1
18,2,251.70000000000002,1
8,3,331.45,1
32,3,1266.97,1
22,4,1543.03,2
31,6,3518.03,2
29,11,1723.71,2
22,2,293.1,1
33,8,2468.3,2
284,1,158.68,0
39,3,223.19,1
50,4,854.68,1
289,1,224.91,0
75,2,322.26,1
218,1,59.9,0
44,5,1456.44,2
202,1,306.13,0
178,3,711.79,0
56,6,799.62,1
57,2,239.92000000000002,1
8,8,3407.71,2
47,2,144.0,1
227,1,203.95,0
11,9,2672.88,2
106,2,383.75,1
59,3,639.74,1
28,7,2093.68,2
36,9,1724.14,2
274,2,262.62,0
30,1,1013.01,1
24,3,692.22,1
54,1,289.78,1
36,6,3560.08,2
169,9,1776.21,2
54,1,384.08,1
53,1,204.24,1
27,9,2334.77,2
253,1,226.85,0
40,11,2821.38,2
60,7,1144.12,2
234,1,113.5,0
4,10,1951.97,2
32,1,114.23,1
7,2,334.48,1
65,1,328.65,1
310,2,416.89,0
309,1,393.49,0
19,6,939.32,2
16,8,1906.09,2
96,2,318.76,1
3,2,417.77,1
35,1,190.88,1
183,1,149.89000000000001,0
25,2,550.06,1
13,6,916.13,2
11,2,314.69,1
313,2,385.05,0
108,2,1135.04,1
53,1,954.9,1
205,1,171.45,0
15,1,280.09000000000003,1
120,1,318.65,1
4,2,381.97,1
117,2,348.91,1
18,1,178.26,1
5,2,271.19,1
41,2,291.48,1
107,2,240.0,1
148,2,581.23,0
52,5,1253.3600000000001,2
208,1,63.440000000000005,0
139,2,550.01,1
2,3,296.58,1
127,2,317.2,1
108,4,763.64,1
42,5,2152.73,2
35,1,107.82,1
228,2,1065.3500000000001,0
241,1,246.04,0
58,1,187.82999999999998,1
130,3,1685.46,1
60,7,1658.3799999999999,2
22,1,151.37,1
26,7,1049.06,2
9,7,1417.63,2
32,4,939.27,1
4,2,513.01,1
308,1,550.8000000000001,0
8,9,1854.06,2
29,3,547.0,1
17,1,128.18,1
101,2,498.42,1
12,4,656.61,1
21,1,163.24,1
15,6,1151.33,2
95,1,82.75,1
78,2,1384.85,1
139,3,644.3,1
18,2,2369.55,2
25,11,2541.08,2
46,5,2676.66,2
100,3,1200.6200000000001,1
8,2,657.16,1
15,9,918.6,2
18,4,986.48,1
280,1,96.8,0
14,2,523.11,1
23,2,363.9,1
124,1,175.2,1
86,1,494.25,1
301,3,307.44,0
151,7,2064.61,2
94,2,243.36,1
157,3,682.29,0
46,1,157.62,1
15,4,519.6899999999999,1
86,1,228.96,1
15,5,1156.6,2
179,1,98.25,0
8,5,1311.2,2
36,3,587.15,1
129,2,1740.0,1
51,1,1393.06,1
312,1,178.22,0
24,2,384.39,1
303,2,360.81,0
11,1,127.86,1
17,3,568.24,1
49,3,488.2,1
239,2,312.23,0
238,1,167.55,0
23,9,2442.02,2
73,4,446.18,1
17,3,418.4,1
41,8,1337.18,2
40,4,646.92,1
219,2,495.77,0
190,4,427.7,0
71,2,203.2,1
11,1,389.71999999999997,1
65,1,65.4,1
4,1,193.39000000000001,1
19,2,336.4,1
15,1,256.11,1
8,6,2686.42,2
20,2,746.81,1
78,4,1259.56,1
164,2,508.8,0
307,2,417.27,0
219,1,203.86999999999998,0
22,2,681.41,1
115,3,653.38,1
126,5,2097.84,2
36,1,263.92,1
1,5,1095.6000000000001,2
330,5,2456.12,0
163,1,32.65,0
185,2,771.85,0
16,5,1214.72,2
12,4,808.94,1
3,7,1258.06,2
44,2,778.0,1
80,1,507.84,1
42,2,463.46000000000004,1
50,3,598.83,1
16,10,2105.61,2
45,4,733.19,1
19,2,759.17,1
72,1,100.8,1
121,4,537.72,1
33,2,265.76,1
313,1,403.3,0
18,2,365.76,1
88,1,303.15999999999997,1
2,9,2414.2200000000003,2
2,2,216.29999999999998,1
247,2,398.6,0
148,5,195.74,1
29,10,2286.86,2
220,1,534.24,0
148,3,2940.04,2
177,2,120.9,0
40,2,541.53,1
2,8,2535.21,2
1,10,1793.8500000000001,2
18,2,486.71999999999997,1
192,4,517.53,0
204,1,131.7,0
127,5,1737.7,2
15,1,316.5,1
43,2,657.3,1
79,8,792.23,2
23,3,735.82,1
51,3,688.44,1
16,6,1890.91,2
158,1,289.96000000000004,0
10,2,763.28,1
10,2,137.0,1
16,6,1898.88,2
45,5,1125.07,2
191,3,697.54,0
79,1,194.37,1
74,2,517.13,1
4,5,1261.84,2
65,3,414.04,1
261,1,396.87,0
59,2,376.64,1
1,11,2257.7599999999998,2
1,11,3575.82,2
248,1,374.57,0
8,2,497.56,1
76,1,272.22,1
290,1,622.88,0
17,3,1138.0,1
221,2,288.6,0
9,4,689.1,1
3,2,558.96,1
206,10,3248.7799999999997,2
162,2,1145.84,0
70,2,310.11,1
262,2,605.58,0
281,1,387.31,0
25,1,308.48,1
29,11,2929.94,2
72,1,513.2,1
128,1,208.65,1
31,4,639.02,1
15,5,764.88,1
309,1,153.94,0
17,7,1848.97,2
54,1,546.81,1
24,4,724.4599999999999,1
2,5,1070.71,1
11,4,652.74,1
1,8,1685.1,2
54,6,989.88,2
1,11,3716.9,2
1,10,2367.12,2
121,2,299.95,1
54,1,223.36,1
280,1,164.4,0
177,1,76.5,0
30,2,887.67,1
26,1,98.42,1
9,3,587.4,1
270,1,170.75,0
43,3,642.32,1
218,3,348.08,0
24,2,148.86,1
197,3,267.16,0
43,6,950.86,2
130,1,1487.6,1
1,5,1952.45,2
20,2,480.31,1
206,1,157.9,0
14,3,541.46,1
95,4,854.95,1
19,1,165.12,1
14,8,1137.38,2
24,3,454.01,1
8,2,869.77,1
332,1,344.14,0
50,4,1425.67,1
71,4,226.75000000000003,1
29,4,398.3,1
243,1,185.65,0
191,2,162.18,0
5,4,457.6,1
253,3,215.72,0
236,1,175.27,0
7,3,1257.3,1
109,4,1116.68,1
100,3,1240.2,1
60,4,2404.17,2
2,3,1468.02,1
73,8,2214.62,2
85,2,993.18,1
12,2,386.69,1
23,7,2806.69,2
214,1,2044.3700000000001,0
18,1,161.67000000000002,1
239,1,116.00999999999999,0
50,5,1954.74,2
217,2,309.36,0
33,2,191.99,1
41,6,1114.08,2
53,10,2104.14,2
57,1,386.32,1
130,3,329.6,1
174,3,571.1999999999999,0
6,3,930.28,1
312,1,214.37,0
60,1,81.44,1
21,4,1423.7,2
33,1,527.0500000000001,1
15,2,843.48,1
18,4,2020.4,2
81,1,75.75,1
6,9,1844.12,2
170,2,503.59999999999997,0
2,3,528.33,1
31,6,1407.34,2
36,9,2358.59,2
9,2,305.19,1
31,2,547.0600000000001,1
276,1,108.5,0
87,1,621.66,1
120,2,712.29,1
219,4,1021.12,0
65,1,133.06,1
61,5,1805.45,2
135,2,875.24,1
21,1,166.08,1
29,5,1239.24,2
277,1,117.55,0
11,8,2706.14,2
73,5,1674.69,2
11,3,704.96,1
141,1,178.75,0
26,9,1817.55,2
19,2,604.64,1
4,2,728.16,1
66,5,2055.51,2
1,2,347.75,1
43,7,3406.7200000000003,2
228,1,205.7,0
16,6,1861.34,2
44,4,3249.7200000000003,2
1,7,1601.87,2
74,2,551.04,1
4,7,1375.5900000000001,2
264,1,298.11,0
53,2,1992.1100000000001,1
24,1,184.4,1
10,7,2489.33,2
44,1,239.41,1
17,7,3155.83,2
127,5,748.4399999999999,1
136,3,213.92,1
142,1,283.12,0
132,2,765.34,1
236,1,338.95,0
261,1,154.95,0
17,6,2560.39,2
253,1,417.95,0
30,6,1929.02,2
35,3,798.74,1
169,2,885.19,0
3,10,1865.92,2
185,2,152.4,0
188,2,263.33,0
170,1,137.45,0
11,2,385.1,1
45,1,522.91,1
321,1,153.0,0
201,1,326.4,0
232,1,139.35,0
26,4,1195.94,1
96,6,2467.44,2
127,6,3276.4000000000005,2
58,4,1070.3500000000001,1
9,2,1077.95,1
4,5,3236.34,2
79,5,1602.02,2
39,2,692.19,1
54,3,700.63,1
9,4,417.39,1
9,2,168.24,1
19,5,1894.75,2
12,8,2796.65,2
113,2,355.11,1
4,7,2353.72,2
235,2,121.7,0
100,2,78.15,1
178,2,674.52,0
5,9,1710.45,2
1,6,1696.99,2
19,8,3408.2000000000003,2
17,3,819.96,1
22,2,287.59,1
33,1,712.78,1
263,1,15.0,0
51,2,772.55,1
159,3,367.63,0
15,1,271.2,1
8,3,2081.9,2
199,5,1143.27,0
57,2,245.81,1
11,2,173.45,1
97,5,1223.68,2
255,1,56.4,0
25,3,647.56,1
21,5,666.72,1
159,2,188.02,0
72,2,283.47,1
53,1,131.94,1
85,2,266.85,1
153,4,1817.54,2
74,2,1117.9,1
281,1,225.9,0
30,1,106.1,1
25,1,300.34,1
180,2,342.83,0
40,4,690.0,1
22,3,780.43,1
22,11,3069.02,2
37,9,1187.21,2
82,4,1318.24,1
74,1,512.31,1
11,1,546.04,1
13,4,699.81,1
14,7,1754.35,2
37,4,36.56,1
4,3,387.68,1
72,8,3748.6699999999996,2
191,2,24.05,0
51,1,298.4,1
5,5,1987.33,2
9,9,2040.21,2
299,1,889.24,0
2,3,398.7,1
33,1,35.400000000000006,1
50,1,155.37,1
3,3,342.24,1
47,1,110.21000000000001,1
42,10,1574.08,2
27,6,3174.2,2
42,1,318.15,1
303,1,205.48,0
107,1,51.559999999999995,1
85,1,2033.1,1
81,9,901.1999999999999,2
218,4,605.8000000000001,0
12,2,114.34,1
185,2,311.26,0
2,6,1442.27,2
305,1,141.92000000000002,0
3,9,2139.48,2
324,1,330.9,0
59,6,3160.0,2
13,3,554.85,1
143,2,333.6,0
30,8,1732.22,2
107,5,428.18,1
205,1,155.9,0
80,6,1943.7600000000002,2
185,7,708.66,2
170,1,237.61,0
44,1,379.45,1
174,1,178.51999999999998,0
304,1,133.35000000000002,0
3,4,664.34,1
4,4,695.0699999999999,1
12,1,156.34,1
32,3,869.28,1
129,1,111.35,1
19,10,916.27,2
212,2,201.37,0
323,2,586.89,0
162,1,203.85999999999999,0
56,3,244.1,1
225,1,107.21,0
72,8,1118.96,2
44,1,95.45,1
23,1,256.32,1
173,4,567.3100000000001,0
85,2,152.06,1
159,1,154.55,0
165,4,209.39999999999998,0
29,1,110.38,1
21,2,193.82,1
71,4,798.99,1
247,1,72.9,0
9,1,366.23,1
310,6,325.46,0
59,2,408.65,1
4,1,329.36,1
45,3,335.03,1
88,1,1304.04,1
64,4,820.23,1
282,1,207.50000000000003,0
133,2,397.29,1
45,2,212.54,1
11,5,851.5,1
36,5,1740.48,2
134,2,408.36,1
29,3,1331.57,1
52,2,704.25,1
138,2,145.79,0
5,1,380.13,1
160,1,99.14,0
131,1,304.56,1
8,1,77.50000000000001,1
233,2,149.57999999999998,0
37,1,176.68,1
147,1,358.56000000000006,0
72,4,492.28000000000003,1
40,4,1026.24,1
199,4,557.3,0
249,1,12.75,0
66,1,111.68,1
117,1,508.4599999999999,1
171,1,73.78,0
142,1,102.41,0
32,2,463.21,1
38,5,1098.43,1
166,2,228.2,0
211,1,562.79,0
242,1,135.19,0
52,1,337.04,1
25,3,703.99,1
29,1,288.14,1
36,5,752.31,1
166,3,811.45,0
145,1,152.68,0
22,1,631.35,1
56,1,20.8,1
185,1,198.57,0
12,8,211.07,2
237,3,630.84,0
225,2,93.35,0
122,6,723.69,1
282,1,76.1,0
37,2,380.39,1
12,2,415.13,1
4,2,226.47,1
23,1,444.68,1
70,9,2116.19,2
235,2,252.49,0
257,1,174.8,0
155,2,187.29,0
28,1,162.22,1
4,1,120.03,1
32,5,1477.66,2
81,3,523.0,1
108,2,122.14,1
52,1,38.45,1
36,1,612.72,1
153,3,542.78,0
99,1,115.31,1
4,3,240.6,1
65,1,93.82000000000001,1
22,2,418.68,1
36,3,713.89,1
32,3,403.12,1
154,6,70.02,1
19,2,357.20000000000005,1
54,1,165.04999999999998,1
25,3,529.29,1
4,11,2091.55,2
45,1,178.34,1
203,2,172.29000000000002,0
66,2,302.96999999999997,1
288,1,363.65,0
10,1,170.16,1
9,4,316.21,1
22,10,2119.41,2
173,3,720.52,0
133,2,814.0,1
75,1,318.0,1
40,1,396.33,1
289,1,101.69999999999999,0
26,7,2024.09,2
258,2,453.0,0
155,2,494.88,0
8,11,2584.41,2
217,2,336.13,0
45,4,3613.15,2
19,2,1231.5,1
36,3,343.45,1
26,1,680.84,1
16,2,93.42999999999999,1
330,2,689.95,0
274,1,101.34,0
61,1,166.03,1
93,5,2129.62,2
82,7,3017.3,2
313,2,580.0500000000001,0
12,3,849.06,1
8,7,2667.35,2
127,1,168.31,1
11,2,222.4,1
37,1,754.64,1
38,1,113.48000000000002,1
330,1,421.9,0
249,2,277.35,0
19,2,229.05,1
12,2,352.69,1
290,1,220.1,0
68,8,1403.1100000000001,2
26,1,315.65,1
214,1,111.15,0
149,2,653.3,0
8,6,1793.06,2
24,2,574.4399999999999,1
30,5,1133.4,2
61,1,200.92000000000002,1
19,3,347.08,1
243,1,112.55000000000001,0
9,4,1073.04,1
211,2,1147.5,0
29,5,681.9100000000001,1
63,4,806.83,1
295,1,152.65,0
151,4,1024.14,1
117,2,1000.16,1
13,4,2861.55,2
141,2,160.35000000000002,0
46,2,179.33999999999997,1
51,3,612.0799999999999,1
32,3,566.58,1
135,2,653.35,1
3,2,399.19,1
75,4,395.42,1
13,2,675.64,1
9,3,455.05,1
301,1,530.15,0
57,2,638.0600000000001,1
10,6,1624.59,2
31,2,404.6,1
177,1,302.46000000000004,0
4,6,1414.21,2
176,9,1196.34,2
61,1,202.65,1
33,3,980.31,1
59,7,1254.1100000000001,2
87,4,2106.84,2
7,1,104.0,1
31,7,1368.1200000000001,2
114,6,1608.21,2
9,6,1793.17,2
5,6,1843.75,2
24,1,366.85,1
218,6,663.62,0
15,1,49.8,1
249,1,304.25,0
15,4,2003.5900000000001,2
78,3,1096.14,1
192,3,294.41,0
262,1,207.79999999999998,0
72,1,957.97,1
151,3,274.56,0
64,2,1051.68,1
95,2,686.63,1
106,1,150.35,1
200,3,1396.99,0
157,1,160.42000000000002,0
71,4,1989.75,2
36,2,517.36,1
29,1,139.10000000000002,1
2,6,2621.38,2
26,5,600.07,1
326,1,216.07,0
237,1,232.48000000000002,0
89,1,299.34000000000003,1
31,1,481.75,1
29,2,621.75,1
206,4,677.62,0
3,11,2119.77,2
220,2,312.78000000000003,0
22,6,1049.91,2
93,1,443.0,1
264,1,158.95000000000002,0
218,1,93.75,0
50,3,790.6,1
9,10,2903.8,2
192,6,2088.87,2
82,5,603.47,1
326,1,440.0,0
72,3,1796.48,2
30,6,882.24,2
3,5,987.1,1
219,5,1561.6100000000001,0
46,1,422.58,1
72,4,2232.4900000000002,2
7,8,2626.56,2
24,2,596.1,1
114,4,825.02,1
17,1,95.34,1
301,2,355.62,0
51,2,518.27,1
89,1,103.3,1
25,3,2338.6000000000004,2
173,8,2676.55,2
43,2,324.24,1
140,1,149.48,0
23,4,1215.24,1
72,2,801.51,1
134,2,51.0,1
38,3,327.35,1
3,7,3092.38,2
2,3,204.0,1
18,2,351.84,1
21,3,348.36,1
58,2,123.13,1
74,1,173.9,1
278,1,180.60000000000002,0
181,1,80.82,0
8,3,179.5,1
43,3,1837.28,2
326,2,154367.2,4
2,7,4310.0,4
33,1,6207.67,4
8,6,6437.08,4
130,1,4008.62,4
79,7,11088.41,4
43,5,5059.32,4
1,7,13375.87,4
80,2,7829.89,4
21,5,5005.46,4
22,4,4067.29,4
11,6,9137.52,4
53,2,7056.679999999999,4
29,9,5018.37,4
23,9,13322.47,4
23,11,5585.28,4
33,8,4573.77,4
5,10,5417.93,4
9,8,4485.72,4
8,5,21096.84,4
22,5,7284.2,4
16,5,11990.960000000001,4
8,7,3781.7400000000002,4
23,11,9687.62,4
190,3,9867.14,4
19,5,3939.31,4
11,7,4478.53,4
67,10,6071.55,4
17,8,4119.62,4
8,10,4899.88,4
7,6,3871.12,4
151,4,3880.33,4
114,1,4873.8099999999995,4
8,6,5011.99,4
9,5,4708.86,4
11,9,4013.7,4
52,10,33438.19,4
2,11,4196.01,4
4,8,4313.56,4
81,1,4366.78,4
4,11,21834.77,4
250,4,5420.699999999999,4
4,7,6989.63,4
10,3,6977.04,4
38,7,6880.88,4
26,10,4059.94,4
64,8,11581.8,4
31,10,4191.42,4
114,6,6912.0,4
16,8,5074.09,4
26,11,5725.47,4
8,9,3957.78,4
30,11,5963.06,4
3,8,6844.64,4
37,5,5895.17,4
45,7,10736.48,4
31,9,4181.58,4
5,9,3825.29,4
68,8,4504.38,4
33,6,4174.38,4
74,4,4098.88,4
23,11,7792.36,4
1,5,5239.2300000000005,4
138,6,5292.57,4
22,5,4039.81,4
22,7,5313.51,4
20,9,4197.12,4
43,7,4582.64,4
154,5,4353.96,4
17,6,5621.29,4
74,6,5976.79,4
47,5,4336.2,4
9,6,5432.43,4
9,10,12689.88,4
15,4,4447.2,4
24,5,4661.69,4
1,6,4263.64,4
17,11,5946.37,4
4,9,3995.55,4
2,8,3905.46,4
3,10,10450.13,4
9,9,8156.62,4
256,5,5454.1,4
16,11,4305.11,4
18,9,4783.9,4
182,5,79183.5,4
17,11,5301.83,4
3,1,3861.0,4
11,11,5756.89,4
67,11,5226.93,4
169,8,3774.69,4
15,8,5983.56,4
65,5,3994.27,4
17,7,5159.06,4
235,4,67532.7,4
44,5,5017.0,4
18,10,3772.67,4
63,9,4481.09,4
10,8,5127.18,4
3,3,12393.7,4
2,10,4122.24,4
29,4,6287.77,4
100,10,10290.88,4
72,4,6617.65,4
45,5,5203.51,4
9,11,5470.85,4
26,4,5415.43,4
14,6,3820.27,4
1,3,336942.1,4
18,3,6748.8,4
10,10,4034.9,4
15,9,5535.96,4
54,11,6893.68,4
18,6,3789.52,4
9,9,4423.1,4
31,11,5575.56,4
5,10,7180.93,4
78,5,4548.45,4
17,11,5466.62,4
1,11,3989.57,4
3,11,5720.2300000000005,4
3,10,3852.71,4
33,7,11232.48,4
16,7,4892.240000000001,4
5,9,3777.55,4
264,11,3810.15,4
17,10,6525.29,4
13,8,4767.36,4
39,8,7330.8,4
30,9,6948.5,4
4,7,5052.26,4
145,1,4287.63,4
58,11,6098.04,4
7,10,4650.4,4
4,6,3939.64,4
2,8,5106.62,4
7,7,5739.46,4
9,7,4301.22,4
7,11,6793.39,4
98,4,4341.32,4
17,8,8483.46,4
87,1,4314.72,4
16,15,3038.98,5
3,12,3719.4,5
58,12,2808.68,5
17,13,2642.83,5
10,13,1352.8500000000001,5
2,13,1833.97,5
8,14,3732.31,5
4,18,2782.35,5
30,16,2809.5,5
4,12,1535.77,5
3,16,3567.13,5
4,12,2648.36,5
32,18,3395.98,5
21,16,2145.78,5
9,14,2383.93,5
15,12,1721.45,5
4,15,2799.19,5
18,15,3221.8,5
1,12,3731.94,5
13,12,2088.94,5
16,13,2512.78,5
100,12,3119.07,5
31,15,2504.13,5
17,14,3136.47,5
2,16,2821.15,5
21,13,3219.77,5
1,14,1906.76,5
30,13,2616.4,5
32,12,3523.06,5
2,18,3021.34,5
41,15,3633.05,5
16,12,3115.37,5
23,12,3056.13,5
2,12,3591.93,5
53,13,2273.9,5
2,24,2084.6,5
26,15,3386.21,5
43,13,2438.2000000000003,5
9,14,2641.66,5
3,15,3701.44,5
2,12,3515.71,5
1,23,2669.24,5
16,15,1627.09,5
5,14,3032.05,5
64,15,2018.69,5
20,14,2549.48,5
7,24,2301.36,5
180,13,1689.52,5
9,12,2603.33,5
11,12,2589.2400000000002,5
1,18,3293.29,5
10,12,2870.22,5
9,12,2664.3,5
51,13,2881.02,5
40,15,3284.4,5
4,12,2221.01,5
9,13,1914.31,5
218,12,2247.51,5
7,16,2514.59,5
59,12,2424.35,5
8,13,2618.71,5
64,13,1952.11,5
36,13,3425.75,5
8,15,1512.11,5
10,15,1614.51,5
25,12,1649.71,5
33,12,2803.11,5
15,12,1255.03,5
73,20,2030.7,5
4,12,2969.12,5
8,16,3352.96,5
9,13,3189.46,5
10,13,2590.31,5
9,12,2261.2400000000002,5
64,12,3122.26,5
6,15,3064.2200000000003,5
7,12,2041.47,5
2,20,3146.12,5
3,18,3482.7400000000002,5
18,16,3656.75,5
3,17,3206.15,5
4,18,2831.9500000000003,5
10,19,2305.6,5
1,12,1217.7,5
3,13,1762.55,5
11,13,3381.17,5
31,12,3174.23,5
4,16,3653.75,5
23,14,2602.29,5
80,19,2880.7999999999997,5
28,13,2764.18,5
9,14,2472.58,5
24,14,3187.55,5
12,14,3171.22,5
3,17,3719.1,5
4,16,2687.86,5
5,13,2633.85,5
8,22,3729.73,5
1,17,3022.3,5
4,14,3044.17,5
38,14,2370.37,5
16,14,3507.0299999999997,5
27,14,1964.3,5
2,13,1870.84,5
1,13,3030.67,5
5,16,2351.48,5
21,39,1296.44,5
38,14,2599.19,5
74,12,2421.83,5
6,15,2405.58,5
23,14,2684.78,5
8,12,2888.75,5
10,18,2088.09,5
39,12,2409.88,5
4,16,2045.53,5
3,13,5297.88,6
24,26,126103.61,6
26,12,8035.72,6
36,18,6491.01,6
2,19,5006.16,6
2,49,20871.78,6
31,13,6914.74,6
17,30,7583.41,6
1,20,7086.26,6
23,13,4309.37,6
20,19,13491.44,6
2,35,4184.39,6
3,18,7375.42,6
16,13,4067.67,6
2,23,13767.27,6
23,13,6852.61,6
22,13,3775.72,6
1,12,3882.48,6
42,13,17668.66,6
15,27,13897.49,6
4,31,12279.82,6
4,20,8732.05,6
15,14,6922.34,6
3,26,10148.94,6
23,17,4550.63,6
3,29,5850.18,6
24,14,18998.41,6
1,223,37700.82,6
16,19,11464.05,6
21,12,4094.02,6
3,16,5599.22,6
5,26,4137.53,6
9,36,19015.98,6
4,50,16784.44,6
22,20,50649.11,6
1,14,4780.0599999999995,6
4,12,4056.04,6
4,89,11449.56,6
156,12,7657.740000000001,6
3,19,6993.71,6
4,15,9806.87,6
12,22,5698.39,6
1,15,4834.89,6
16,29,7282.65,6
9,28,5989.11,6
1,27,5149.74,6
1,43,12823.6,6
1,21,28710.28,6
3,118,60202.03,6
9,18,9132.25,6
267,13,7923.47,6
33,14,6120.32,6
1,41,29106.0,6
1,27,6511.889999999999,6
1,40,13981.92,6
29,17,4041.9,6
4,39,9830.28,6
1,35,7436.93,6
11,19,3950.85,6
3,27,4638.54,6
1,17,5373.59,6
5,36,11026.76,6
32,12,7171.1,6
2,81,28746.670000000002,6
12,23,6409.42,6
7,22,9755.22,6
2,41,5753.19,6
17,17,9026.01,6
2,43,6127.08,6
66,16,3940.61,6
10,20,6731.38,6
1,33,5272.99,6
3,29,6457.35,6
4,60,67388.7,6
4,17,6386.59,6
2,15,5233.92,6
2,52,17495.010000000002,6
1,41,26205.97,6
1,63,37954.83,6
9,29,8194.02,6
23,14,6416.7,6
4,22,17329.52,6
7,20,9091.42,6
4,16,7095.7300000000005,6
10,15,3938.36,6
7,23,19939.08,6
1,26,15743.44,6
1,29,8242.96,6
24,18,6282.22,6
5,20,6145.46,6
10,12,10464.85,6
2,19,4434.04,6
10,14,50568.13,6
8,17,4090.7200000000003,6
4,34,73208.67,6
4,13,5696.65,6
2,15,4690.31,6
10,66,121205.57,6
20,14,4645.06,6
11,31,4856.27,6
2,24,4703.85,6
2,14,4709.51,6
5,32,11482.29,6
2,12,3893.2,6
8,14,4924.53,6
3,45,52192.16,6
8,18,5075.89,6
9,14,5061.34,6
8,19,9321.52,6
10,13,4702.92,6
4,14,4062.98,6
1,18,5944.29,6
19,16,5044.44,6
9,13,4326.73,6
3,86,9304.57,6
3,25,4769.0,6
4,21,4283.29,6
4,22,5336.92,6
1,128,12518.95,6
16,17,21437.9,6
2,76,280923.02,6
11,27,9185.04,6
25,23,30575.88,6
8,27,6102.59,6
15,14,4930.9400000000005,6
9,15,9720.28,6
4,34,6323.69,6
10,12,5055.18,6
1,27,8158.47,6
48,16,4435.19,6
22,28,7956.8,6
11,13,14582.35,6
8,24,11257.16,6
1,248,154963.61000000002,6
30,14,5957.55,6
46,15,8286.19,6
11,12,7082.78,6
16,35,6430.2,6
3,12,6760.01,6
10,52,19894.59,6
19,22,7705.58,6
9,16,5240.18,6
4,55,54839.54,6
7,38,9862.87,6
25,23,11939.91,6
8,18,6630.84,6
10,16,4807.14,6
2,34,18708.34,6
2,18,4884.28,6
1,53,16648.64,6
3,22,7711.89,6
32,15,6719.56,6
9,15,10642.87,6
5,21,8082.67,6
26,20,4740.09,6
2,14,5825.7,6
51,14,5092.18,6
1,118,61981.31,6
5,29,8458.75,6
20,24,7764.219999999999,6
16,16,15366.0,6
1,35,14236.34,6
16,23,15228.4,6
31,22,14996.36,6
12,13,5139.99,6
23,12,3990.05,6
7,14,4910.6,6
12,20,4841.83,6
7,13,4204.37,6
121,14,3925.77,6
11,17,6807.76,6
10,27,10439.44,6
3,16,4194.59,6
4,17,12495.48,6
1,15,6535.2,6
33,14,5031.72,6
19,19,4836.07,6
7,29,60681.72,6
1,19,4564.23,6
23,20,5564.49,6
11,21,33935.4,6
4,31,16357.54,6
5,16,3824.9900000000002,6
90,16,6127.76,6
24,16,4442.71,6
18,12,4199.85,6
4,54,40894.95,6
39,76,108532.99,6
6,27,8867.61,6
4,46,14872.42,6
9,18,3857.0,6
2,26,5756.26,6
11,28,3804.6,6
23,13,4021.94,6
32,17,6981.64,6
3,25,5447.72,6
2,18,21086.3,6
8,22,26626.8,6
4,23,6675.71,6
1,20,4135.4,6
17,75,35563.11,6
2,28,9541.27,6
2,29,14159.33,6
163,14,5775.07,6
1,24,8419.94,6
9,15,3853.85,6
4,19,4154.08,6
1,20,4446.55,6
22,21,8683.36,6
17,17,4169.34,6
2,23,8176.29,6
4,31,67415.04,6
9,17,5113.1,6
9,18,5646.33,6
1,29,14123.85,6
19,21,6993.68,6
17,16,4750.41,6
36,26,7368.97,6
87,18,7204.3,6
5,19,6683.46,6
2,28,10787.39,6
14,22,6425.2,6
9,39,17830.92,6
43,17,10209.32,6
12,26,7649.86,6
5,21,4554.87,6
22,19,4345.5,6
3,27,8814.41,6
74,12,5348.33,6
12,22,4572.9400000000005,6
16,15,10733.67,6
1,30,8588.35,6
11,21,8661.89,6
1,43,6369.03,6
9,16,12815.4,6
1,12,4488.13,6
24,21,4233.32,6
9,30,20278.79,6
1,43,32367.28,6
4,18,33512.82,6
11,14,4252.17,6
1,33,17435.25,6
8,55,201459.41,6
3,46,93999.38,6
1,31,11334.17,6
4,19,3997.47,6
23,17,4594.33,6
12,14,4003.33,6
25,18,4998.31,6
1,41,20650.46,6
2,43,16489.39,6
30,16,4736.3,6
4,22,10911.61,6
23,12,5806.19,6
38,18,5424.28,6
3,15,5308.13,6
2,19,13110.02,6
1,31,5613.1900000000005,6
13,12,3994.78,6
16,15,6196.2,6
4,51,7921.84,6
2,169,41170.63,6
302,35,5478.9400000000005,6
3,25,26994.74,6
6,12,5140.66,6
31,27,10894.1,6
4,17,4119.5,6
49,14,6142.9,6
1,52,64270.12,6
15,14,4578.46,6
12,22,4119.62,6
114,13,3872.9,6
2,12,9070.76,6
1,62,262876.11,6
2,31,8132.57,6
11,31,5683.13,6
15,25,7633.19,6
4,21,5768.06,6
2,27,6653.85,6
3,17,5653.06,6
39,14,5264.0,6
12,20,7276.900000000001,6
